"price","number_of_reviews","host_total_listings_count","bedrooms","minimum_nights","accommodates","price_level"
412,618,1,2,3,3,"High"
16,162,6,1,2,2,"Low"
53,130,3,1,30,3,"Low"
353,117,2,1,3,3,"High"
33,19,1,1,30,2,"Low"
40,54,6,1,2,4,"Low"
250,39,5,4,4,10,"Medium"
23,93,1,1,2,2,"Low"
23,7,3,1,31,2,"Low"
292,65,17,1,30,2,"Medium"
98,258,2,3,1,6,"Medium"
279,68,17,1,30,1,"Medium"
20,286,3,1,2,2,"Low"
23,155,2,1,1,4,"Low"
395,82,5,1,3,2,"High"
401,31,4,2,4,4,"High"
28,87,3,1,7,4,"Low"
305,48,5,1,31,1,"Medium"
389,107,11,6,2,14,"High"
346,133,2,2,3,3,"High"
425,49,4,1,30,2,"High"
412,239,11,1,2,2,"High"
378,114,3,1,2,1,"High"
378,48,3,1,30,1,"High"
378,45,3,1,2,1,"High"
305,58,17,1,30,2,"Medium"
329,420,3,1,5,1,"Medium"
338,41,1,1,6,1,"High"
333,39,32,1,30,3,"Medium"
189,14,6,3,2,8,"Medium"
71,47,1,2,5,5,"Medium"
406,387,3,1,2,2,"High"
287,34,2,1,30,2,"Medium"
99,358,11,1,1,2,"Medium"
395,146,2,1,30,2,"High"
433,358,1,1,2,4,"High"
38,205,1,1,3,2,"Low"
98,105,3,3,3,6,"Medium"
425,218,11,1,2,2,"High"
412,282,11,1,2,2,"High"
35,152,2,2,3,5,"Low"
228,228,2,4,3,10,"Medium"
305,40,5,1,31,1,"Medium"
353,106,11,1,31,1,"High"
353,101,11,1,31,1,"High"
213,155,8,3,30,4,"Medium"
329,277,1,2,3,3,"Medium"
38,216,1,1,2,4,"Low"
250,25,2,2,2,5,"Medium"
395,446,4,1,3,2,"High"
303,40,5,4,2,8,"Medium"
41,337,3,1,2,2,"Low"
431,301,5,1,2,2,"High"
32,130,2,1,2,4,"Low"
371,16,2,2,7,6,"High"
43,66,1,1,4,3,"Low"
196,137,1,4,1,16,"Medium"
13,330,3,2,1,4,"Low"
395,92,11,1,1,2,"High"
417,34,11,2,1,4,"High"
402,26,11,1,1,2,"High"
410,58,11,1,1,2,"High"
412,225,3,1,2,1,"High"
63,101,1,1,2,3,"Low"
342,21,2,1,30,2,"High"
353,485,3,1,1,2,"High"
422,144,2,1,2,2,"High"
63,18,3,2,30,6,"Low"
333,38,5,1,30,1,"Medium"
287,171,2,1,7,2,"Medium"
286,168,2,3,2,6,"Medium"
70,48,2,2,15,4,"Medium"
88,55,3,2,30,5,"Medium"
346,11,5,1,30,1,"High"
364,132,7,1,30,2,"High"
378,914,2,1,2,2,"High"
43,59,1,1,2,5,"Low"
232,206,7,3,1,7,"Medium"
410,189,1,1,3,2,"High"
343,80,7,4,1,11,"High"
373,14,3,1,60,2,"High"
403,30,4,1,7,2,"High"
338,31,17,1,30,2,"High"
385,342,1,1,1,2,"High"
23,533,1,1,1,2,"Low"
305,311,2,1,1,1,"Medium"
312,344,6,1,30,2,"Medium"
332,45,2,5,3,12,"Medium"
433,20,1,1,30,2,"High"
58,9,1,3,30,5,"Low"
312,14,5,1,31,1,"Medium"
24,504,3,1,2,2,"Low"
38,496,3,1,2,2,"Low"
298,194,3,3,5,5,"Medium"
412,29,1,1,31,1,"High"
50,587,2,1,1,4,"Low"
33,371,1,1,1,3,"Low"
77,307,2,1,2,2,"Medium"
433,461,4,1,1,2,"High"
318,237,3,4,1,9,"Medium"
404,392,2,1,3,4,"High"
30,122,4,1,5,2,"Low"
116,158,1,1,30,2,"Medium"
412,37,3,1,2,1,"High"
312,81,11,1,31,1,"Medium"
140,171,2,3,2,6,"Medium"
429,23,5,1,2,3,"High"
421,695,2,1,1,2,"High"
410,267,3,1,3,2,"High"
351,315,10,1,1,2,"High"
412,172,11,1,2,2,"High"
353,307,5,1,2,2,"High"
353,265,5,1,2,2,"High"
412,10,3,1,3,2,"High"
391,500,1,1,30,2,"High"
63,406,2,1,2,2,"Low"
12,64,1,1,30,2,"Low"
250,195,3,4,2,8,"Medium"
27,104,2,2,30,4,"Low"
433,729,7,1,1,2,"High"
412,4,3,1,3,2,"High"
353,91,2,1,30,1,"High"
412,58,5,1,31,2,"High"
402,500,1,1,2,4,"High"
250,398,3,4,2,8,"Medium"
49,118,4,2,31,4,"Low"
385,113,1,1,2,2,"High"
102,16,2,2,3,5,"Medium"
116,89,1,3,3,6,"Medium"
364,401,7,1,30,2,"High"
312,67,11,1,31,1,"Medium"
417,180,2,1,1,2,"High"
433,74,4,1,30,3,"High"
417,178,1,1,2,3,"High"
38,164,1,1,3,3,"Low"
351,154,2,1,2,1,"High"
26,106,3,2,2,4,"Low"
156,131,1,3,3,6,"Medium"
45,136,10,2,5,7,"Low"
108,306,1,2,2,5,"Medium"
32,561,1,1,2,2,"Low"
433,110,6,1,30,2,"High"
387,99,1,1,2,2,"High"
361,357,4,1,1,2,"High"
44,342,2,1,2,4,"Low"
392,58,5,1,30,2,"High"
366,1,5,1,30,2,"High"
19,297,1,1,1,4,"Low"
151,68,1,1,2,2,"Medium"
48,65,3,1,4,2,"Low"
404,245,2,1,2,4,"High"
401,210,2,1,3,4,"High"
384,66,3,1,2,2,"High"
420,84,1,1,3,2,"High"
13,155,3,1,4,2,"Low"
378,111,2,1,2,1,"High"
225,22,2,2,7,5,"Medium"
391,162,1,1,30,2,"High"
28,30,1,3,31,6,"Low"
17,244,2,1,3,2,"Low"
410,224,2,1,1,3,"High"
410,44,1,1,2,2,"High"
144,136,2,2,2,5,"Medium"
375,565,1,1,2,2,"High"
387,96,2,1,30,2,"High"
35,456,1,1,2,2,"Low"
287,400,3,1,1,2,"Medium"
60,171,1,1,30,2,"Low"
73,176,2,1,3,2,"Medium"
21,135,1,1,2,4,"Low"
412,236,2,1,2,2,"High"
395,175,2,1,2,2,"High"
55,7,1,3,31,8,"Low"
13,57,2,1,57,2,"Low"
33,21,1,2,30,5,"Low"
420,535,1,1,1,2,"High"
425,477,2,1,2,2,"High"
380,179,10,5,2,15,"High"
412,136,1,1,2,2,"High"
417,34,4,1,30,2,"High"
402,255,1,1,1,4,"High"
368,28,11,5,3,12,"High"
22,657,1,1,2,2,"Low"
423,182,6,1,2,2,"High"
113,1,1,3,31,6,"Medium"
421,34,2,2,30,2,"High"
28,132,1,2,2,6,"Low"
420,17,1,1,31,2,"High"
433,45,4,2,30,6,"High"
392,77,3,1,30,2,"High"
300,60,1,4,3,5,"Medium"
373,224,4,1,30,2,"High"
209,175,2,2,2,6,"Medium"
13,28,3,2,2,2,"Low"
413,689,4,1,1,4,"High"
119,198,1,1,2,2,"Medium"
428,17,6,2,30,4,"High"
312,24,2,1,2,2,"Medium"
412,44,1,1,5,2,"High"
385,194,1,1,2,2,"High"
409,265,2,1,2,2,"High"
165,16,2,2,30,4,"Medium"
78,206,1,2,3,4,"Medium"
391,533,2,1,2,2,"High"
38,109,1,1,2,3,"Low"
70,75,3,1,2,2,"Medium"
38,199,1,1,2,2,"Low"
104,5,1,1,30,2,"Medium"
420,461,2,1,1,3,"High"
429,707,10,1,1,2,"High"
116,131,1,2,4,6,"Medium"
20,151,1,1,2,4,"Low"
63,17,1,2,2,5,"Low"
403,205,1,2,2,3,"High"
428,112,3,2,3,3,"High"
179,386,11,2,2,4,"Medium"
326,327,3,1,1,2,"Medium"
120,268,3,2,2,4,"Medium"
14,237,2,1,2,4,"Low"
16,151,1,1,2,5,"Low"
109,86,2,2,4,4,"Medium"
423,119,1,1,2,2,"High"
52,120,1,2,2,5,"Low"
19,354,1,1,2,2,"Low"
428,171,1,1,5,2,"High"
29,1027,3,1,1,3,"Low"
377,239,2,1,3,2,"High"
44,407,1,1,1,3,"Low"
50,174,2,1,2,4,"Low"
52,21,5,2,1,3,"Low"
410,202,2,1,2,2,"High"
13,9,5,1,2,3,"Low"
387,368,1,1,1,1,"High"
428,466,1,1,2,4,"High"
420,314,2,1,2,4,"High"
64,48,1,2,2,4,"Medium"
383,18,7,1,14,2,"High"
151,319,4,6,1,15,"Medium"
18,55,2,2,30,6,"Low"
54,129,1,1,2,2,"Low"
23,72,7,2,1,4,"Low"
284,372,2,4,2,8,"Medium"
125,11,4,2,2,4,"Medium"
70,353,2,2,2,5,"Medium"
433,569,4,1,4,2,"High"
235,71,4,1,2,2,"Medium"
282,66,4,5,1,10,"Medium"
320,561,4,1,1,2,"Medium"
423,504,2,2,1,4,"High"
408,298,1,1,2,2,"High"
58,360,4,1,2,4,"Low"
91,325,3,4,1,9,"Medium"
23,97,1,1,28,4,"Low"
55,159,1,3,3,4,"Low"
20,367,6,1,2,4,"Low"
342,228,3,1,1,1,"High"
433,598,4,1,1,4,"High"
179,6,23,3,3,5,"Medium"
57,449,1,1,1,4,"Low"
72,117,1,2,3,4,"Medium"
305,65,2,1,5,1,"Medium"
48,21,5,1,90,3,"Low"
19,84,1,1,3,4,"Low"
33,109,2,1,1,2,"Low"
116,19,2,4,1,5,"Medium"
33,515,2,2,1,5,"Low"
52,71,1,2,2,5,"Low"
361,349,3,1,2,2,"High"
387,142,2,1,2,4,"High"
29,911,8,1,1,4,"Low"
31,16,11,2,2,4,"Low"
86,401,1,2,2,4,"Medium"
78,20,1,2,3,4,"Medium"
395,279,1,1,2,2,"High"
143,194,7,2,2,5,"Medium"
26,132,1,1,2,3,"Low"
39,437,1,2,2,5,"Low"
62,176,3,1,1,4,"Low"
361,11,1,1,30,1,"High"
78,12,1,2,2,4,"Medium"
61,164,1,1,2,4,"Low"
377,463,7,1,1,2,"High"
262,52,8,3,4,6,"Medium"
428,74,1,1,2,2,"High"
41,227,1,1,1,2,"Low"
402,83,3,1,3,2,"High"
43,170,1,2,3,4,"Low"
417,130,13,1,27,3,"High"
357,205,1,1,2,4,"High"
72,71,1,1,3,4,"Medium"
67,36,1,2,30,4,"Medium"
412,90,3,1,30,2,"High"
15,237,1,1,4,4,"Low"
27,30,2,2,2,5,"Low"
43,45,2,2,2,3,"Low"
57,12,2,1,2,2,"Low"
378,226,1,1,4,2,"High"
403,255,2,1,2,2,"High"
420,101,1,2,28,4,"High"
15,63,6,1,30,2,"Low"
300,45,4,5,2,10,"Medium"
140,125,3,4,30,6,"Medium"
384,197,5,1,1,2,"High"
413,85,3,1,3,2,"High"
113,42,10,1,5,4,"Medium"
334,23,1,3,2,5,"Medium"
49,119,1,1,3,3,"Low"
384,364,5,1,1,2,"High"
312,119,1,1,2,2,"Medium"
116,100,2,2,4,4,"Medium"
204,29,6,2,2,4,"Medium"
43,409,3,1,1,4,"Low"
378,69,10,1,2,3,"High"
433,14,1,1,2,2,"High"
410,588,1,1,2,4,"High"
395,424,2,1,1,2,"High"
408,7,4,1,30,2,"High"
101,154,3,2,3,5,"Medium"
429,259,8,2,2,4,"High"
48,38,3,1,2,2,"Low"
373,159,2,1,30,2,"High"
342,13,1,1,1,2,"High"
48,312,1,1,1,4,"Low"
46,256,1,1,2,2,"Low"
176,636,1,1,1,2,"Medium"
41,222,1,2,1,4,"Low"
422,34,1,1,2,4,"High"
428,670,1,1,1,4,"High"
117,546,1,1,2,4,"Medium"
48,173,4,2,3,3,"Low"
27,306,3,1,2,2,"Low"
401,673,1,1,2,3,"High"
277,82,2,5,2,12,"Medium"
428,81,1,1,2,2,"High"
254,264,1,3,3,6,"Medium"
403,382,1,1,2,2,"High"
402,232,6,1,30,2,"High"
160,14,2,1,4,2,"Medium"
40,197,2,1,1,4,"Low"
391,314,6,1,1,4,"High"
140,121,5,3,30,8,"Medium"
387,50,2,1,2,2,"High"
33,15,3,1,30,2,"Low"
375,505,2,1,1,2,"High"
190,204,4,2,1,5,"Medium"
31,443,4,1,1,2,"Low"
41,215,3,2,1,5,"Low"
19,393,1,1,2,2,"Low"
165,3,5,2,5,2,"Medium"
31,108,2,1,2,1,"Low"
211,11,2,4,4,10,"Medium"
23,370,2,1,1,2,"Low"
428,25,1,1,30,4,"High"
18,478,2,1,1,2,"Low"
408,419,2,1,2,4,"High"
20,35,2,2,1,4,"Low"
430,17,3,1,30,4,"High"
429,272,1,2,2,4,"High"
417,309,1,1,3,2,"High"
53,768,7,1,1,2,"Low"
414,212,6,1,30,4,"High"
13,31,5,2,30,4,"Low"
420,164,3,1,6,2,"High"
384,51,2,1,2,2,"High"
28,419,2,1,1,4,"Low"
18,143,1,1,2,2,"Low"
17,209,2,2,5,4,"Low"
410,191,1,1,4,3,"High"
420,327,5,1,1,2,"High"
189,97,2,3,2,5,"Medium"
381,25,3,1,3,1,"High"
39,153,1,1,2,3,"Low"
19,40,1,1,31,2,"Low"
13,8,4,1,2,2,"Low"
52,113,1,2,7,6,"Low"
40,469,3,1,3,4,"Low"
369,462,2,1,2,4,"High"
103,5,11,1,31,1,"Medium"
413,114,1,1,2,3,"High"
398,352,7,1,3,2,"High"
55,23,1,2,2,6,"Low"
48,300,2,2,2,4,"Low"
75,60,1,2,3,4,"Medium"
279,30,1,1,3,1,"Medium"
398,108,1,1,3,2,"High"
98,1,2,1,30,6,"Medium"
420,606,2,1,30,2,"High"
83,5,2,2,3,4,"Medium"
406,262,3,1,2,4,"High"
333,227,2,1,2,2,"Medium"
384,440,1,2,1,4,"High"
99,296,2,4,2,9,"Medium"
88,76,2,1,1,2,"Medium"
425,209,3,2,30,4,"High"
391,175,1,1,1,2,"High"
331,73,7,4,4,9,"Medium"
58,354,1,2,3,6,"Low"
165,60,2,2,3,4,"Medium"
88,29,2,2,3,4,"Medium"
13,238,2,1,1,2,"Low"
404,403,1,1,1,3,"High"
410,144,1,1,1,2,"High"
41,92,8,1,30,2,"Low"
364,44,1,1,30,2,"High"
431,65,2,1,2,1,"High"
100,57,5,5,4,10,"Medium"
344,59,7,4,1,10,"High"
279,111,4,1,6,1,"Medium"
403,221,1,2,1,4,"High"
73,18,2,1,30,2,"Medium"
31,1,3,2,30,3,"Low"
408,267,1,1,2,2,"High"
391,149,2,1,30,4,"High"
41,306,2,1,3,4,"Low"
42,111,3,2,2,4,"Low"
431,166,1,1,1,4,"High"
70,37,1,3,30,5,"Medium"
178,89,1,2,2,4,"Medium"
407,79,7,5,1,12,"High"
116,165,5,2,3,5,"Medium"
34,640,1,1,1,3,"Low"
21,380,1,1,2,3,"Low"
300,13,1,3,30,8,"Medium"
351,129,4,1,5,2,"High"
135,25,2,2,2,4,"Medium"
13,1,5,2,30,4,"Low"
425,471,1,1,1,2,"High"
135,252,3,2,1,5,"Medium"
333,514,1,1,1,2,"Medium"
422,402,2,1,1,4,"High"
423,377,1,1,1,6,"High"
15,365,5,1,1,2,"Low"
53,243,3,2,1,4,"Low"
15,315,5,1,1,2,"Low"
408,321,5,1,1,2,"High"
35,509,2,1,2,4,"Low"
410,436,3,1,3,2,"High"
305,201,2,1,2,2,"Medium"
375,17,1,1,30,2,"High"
38,101,3,1,2,2,"Low"
423,734,1,1,2,2,"High"
433,969,1,1,1,5,"High"
72,20,2,1,30,2,"Medium"
242,75,4,1,2,2,"Medium"
140,54,1,2,4,5,"Medium"
390,458,1,1,1,5,"High"
66,29,1,1,3,4,"Medium"
338,196,2,1,2,2,"High"
320,343,2,1,2,3,"Medium"
23,400,3,1,1,4,"Low"
353,29,1,1,30,2,"High"
333,499,4,1,1,2,"Medium"
48,80,1,1,5,2,"Low"
58,301,2,1,3,2,"Low"
304,118,2,4,2,10,"Medium"
433,20,1,2,3,3,"High"
38,155,1,2,30,6,"Low"
54,187,2,2,2,3,"Low"
19,855,6,1,1,10,"Low"
378,149,2,1,2,2,"High"
430,155,5,1,1,2,"High"
42,16,1,1,2,2,"Low"
329,19,1,1,31,1,"Medium"
422,373,2,1,2,2,"High"
305,14,8,1,30,2,"Medium"
39,246,2,2,1,5,"Low"
391,120,1,1,4,3,"High"
99,70,1,1,2,3,"Medium"
421,294,1,1,1,4,"High"
369,40,6,1,30,3,"High"
320,61,2,1,30,2,"Medium"
428,15,2,1,30,2,"High"
87,44,3,2,5,4,"Medium"
73,442,3,2,2,4,"Medium"
38,21,2,1,4,2,"Low"
385,153,2,1,1,3,"High"
433,117,25,2,30,5,"High"
412,28,1,1,1,2,"High"
140,246,1,3,2,6,"Medium"
135,15,10,3,5,7,"Medium"
32,184,1,1,2,2,"Low"
32,228,3,1,2,4,"Low"
384,13,16,1,30,2,"High"
34,277,1,1,2,2,"Low"
297,446,2,2,1,4,"Medium"
43,485,2,2,1,4,"Low"
48,93,1,1,2,4,"Low"
111,696,1,3,1,6,"Medium"
398,651,3,1,2,2,"High"
402,712,3,1,2,2,"High"
55,69,1,2,3,4,"Low"
82,69,1,2,2,4,"Medium"
395,199,2,1,4,4,"High"
97,11,1,1,2,2,"Medium"
18,158,1,2,1,4,"Low"
242,111,5,1,1,3,"Medium"
56,173,2,2,2,4,"Low"
431,186,1,1,2,2,"High"
394,243,1,2,2,3,"High"
395,123,2,1,5,2,"High"
40,115,12,1,1,3,"Low"
403,73,1,1,2,2,"High"
180,139,1,4,3,6,"Medium"
227,127,5,1,1,3,"Medium"
235,21,8,1,30,1,"Medium"
433,56,1,1,5,3,"High"
57,18,1,2,90,4,"Low"
48,38,1,1,3,2,"Low"
27,309,1,1,1,5,"Low"
33,602,2,1,1,2,"Low"
23,39,3,2,30,4,"Low"
420,78,1,1,2,4,"High"
364,98,2,1,30,2,"High"
18,78,1,1,1,6,"Low"
18,158,1,1,2,3,"Low"
23,241,1,1,1,2,"Low"
398,69,1,2,30,4,"High"
18,438,7,1,1,3,"Low"
109,2,3,3,5,5,"Medium"
363,94,4,5,3,10,"High"
334,20,3,2,30,5,"Medium"
14,403,4,1,1,2,"Low"
361,41,2,1,30,2,"High"
154,33,1,3,4,5,"Medium"
420,162,2,1,1,2,"High"
35,385,1,1,2,2,"Low"
76,816,2,2,1,5,"Medium"
144,10,1,1,21,2,"Medium"
18,143,1,1,2,4,"Low"
353,149,1,1,3,4,"High"
55,138,4,3,31,4,"Low"
395,436,6,1,1,2,"High"
52,55,6,2,2,4,"Low"
398,453,1,1,1,2,"High"
13,1,2,1,30,1,"Low"
73,242,2,2,3,5,"Medium"
80,1,1,2,90,4,"Medium"
355,18,3,1,2,1,"High"
334,345,2,1,1,3,"Medium"
53,1,4,2,31,3,"Low"
41,299,3,2,4,5,"Low"
122,79,5,2,2,6,"Medium"
417,92,5,1,1,2,"High"
63,242,1,2,2,6,"Low"
143,346,3,2,2,4,"Medium"
121,33,2,3,5,5,"Medium"
60,330,2,1,1,6,"Low"
26,106,12,1,1,3,"Low"
66,255,1,2,45,5,"Medium"
122,119,1,2,2,6,"Medium"
31,452,2,1,2,2,"Low"
408,40,3,1,30,2,"High"
106,78,23,2,1,5,"Medium"
433,115,1,2,30,6,"High"
312,54,2,1,2,2,"Medium"
378,216,5,1,2,3,"High"
262,54,3,2,7,5,"Medium"
211,6,1,2,5,5,"Medium"
249,134,4,1,7,2,"Medium"
287,108,4,1,7,2,"Medium"
196,312,2,3,1,7,"Medium"
18,161,1,1,6,4,"Low"
375,273,4,1,1,2,"High"
93,14,1,4,30,8,"Medium"
428,35,4,2,2,3,"High"
189,66,3,2,2,6,"Medium"
378,4,1,1,30,2,"High"
130,169,4,1,2,4,"Medium"
48,208,1,1,2,2,"Low"
222,30,4,4,30,10,"Medium"
148,366,3,2,3,6,"Medium"
433,159,1,1,2,4,"High"
52,36,1,1,2,2,"Low"
40,124,12,1,1,2,"Low"
351,70,1,1,1,2,"High"
406,126,1,1,30,2,"High"
366,336,3,1,2,2,"High"
374,10,1,2,3,5,"High"
395,130,1,1,1,6,"High"
26,73,12,1,1,3,"Low"
369,22,4,1,2,1,"High"
95,156,2,1,2,3,"Medium"
19,63,2,1,3,2,"Low"
366,123,3,1,3,1,"High"
54,41,12,1,1,3,"Low"
329,118,1,1,1,1,"Medium"
113,60,1,1,2,2,"Medium"
390,110,3,1,2,2,"High"
54,23,12,1,1,2,"Low"
73,11,1,2,10,4,"Medium"
312,121,3,1,30,2,"Medium"
412,317,4,2,1,4,"High"
420,40,2,1,31,2,"High"
421,217,1,1,2,4,"High"
92,76,1,2,3,4,"Medium"
140,74,7,2,1,6,"Medium"
425,172,1,1,2,4,"High"
219,14,7,3,3,7,"Medium"
410,150,2,1,2,2,"High"
42,98,1,1,2,2,"Low"
186,709,7,3,1,9,"Medium"
88,59,1,3,31,6,"Medium"
33,179,10,1,1,4,"Low"
312,379,2,1,1,2,"Medium"
404,28,3,1,30,2,"High"
409,150,1,1,3,4,"High"
151,88,2,2,2,4,"Medium"
64,288,2,2,2,5,"Medium"
377,136,2,1,3,2,"High"
43,834,1,2,1,4,"Low"
23,60,17,1,1,3,"Low"
53,6,2,1,30,4,"Low"
14,141,4,1,1,2,"Low"
410,480,5,1,1,3,"High"
59,499,2,2,1,4,"Low"
428,43,1,1,30,2,"High"
18,194,1,1,2,2,"Low"
70,628,9,2,1,5,"Medium"
18,14,1,1,31,2,"Low"
60,385,2,1,2,3,"Low"
115,12,11,1,31,1,"Medium"
420,205,1,1,2,2,"High"
18,75,4,2,5,6,"Low"
401,106,2,1,4,2,"High"
15,2,2,3,31,5,"Low"
403,209,1,1,2,2,"High"
89,24,3,2,3,4,"Medium"
312,433,9,2,30,3,"Medium"
77,189,1,1,1,2,"Medium"
38,62,5,1,4,2,"Low"
410,575,6,1,1,2,"High"
395,83,1,1,2,2,"High"
13,153,2,1,2,2,"Low"
420,388,2,1,1,4,"High"
29,522,3,1,2,4,"Low"
58,94,1,1,2,2,"Low"
48,194,2,1,2,4,"Low"
28,30,1,4,30,4,"Low"
13,19,1,1,30,6,"Low"
112,36,1,2,3,4,"Medium"
88,72,2,2,4,5,"Medium"
366,15,32,1,30,3,"High"
154,27,7,2,5,4,"Medium"
29,192,2,1,2,4,"Low"
18,13,2,3,30,5,"Low"
433,276,2,1,2,4,"High"
49,399,2,2,2,3,"Low"
55,183,2,2,2,5,"Low"
334,80,1,1,2,3,"Medium"
353,17,32,1,30,3,"High"
15,167,1,1,1,2,"Low"
417,421,1,1,2,4,"High"
317,1,17,1,2,2,"Medium"
60,9,17,2,30,5,"Low"
63,199,4,1,1,4,"Low"
417,608,1,1,1,4,"High"
353,126,2,1,2,3,"High"
431,149,1,1,4,2,"High"
115,5,11,1,31,1,"Medium"
333,314,2,1,1,2,"Medium"
402,355,1,1,30,2,"High"
52,322,1,1,2,4,"Low"
63,7,5,2,30,4,"Low"
206,120,1,2,2,4,"Medium"
100,296,4,2,2,9,"Medium"
412,80,2,1,2,2,"High"
188,249,1,2,2,4,"Medium"
428,208,1,1,2,5,"High"
429,164,1,1,2,4,"High"
431,311,2,1,1,2,"High"
415,397,2,1,1,4,"High"
58,259,2,1,2,2,"Low"
366,196,3,1,1,2,"High"
56,237,4,2,2,8,"Low"
93,218,4,2,2,9,"Medium"
394,311,2,1,1,2,"High"
47,328,4,1,2,2,"Low"
80,210,2,2,2,5,"Medium"
412,50,4,1,10,2,"High"
357,241,3,1,2,3,"High"
394,238,2,1,1,2,"High"
48,3,1,3,31,6,"Low"
401,4,2,2,30,4,"High"
395,80,1,1,1,2,"High"
189,32,3,2,4,5,"Medium"
408,226,5,1,1,2,"High"
378,225,3,1,4,2,"High"
64,224,2,2,2,4,"Medium"
52,141,1,1,2,3,"Low"
378,124,3,1,1,2,"High"
423,18,2,1,2,2,"High"
73,375,2,2,2,5,"Medium"
404,58,4,1,1,2,"High"
361,159,3,1,1,2,"High"
28,340,18,1,1,3,"Low"
430,82,3,1,31,4,"High"
430,107,1,1,2,4,"High"
412,20,4,2,30,4,"High"
387,55,1,1,3,4,"High"
329,73,2,1,1,2,"Medium"
412,363,1,1,2,2,"High"
48,139,4,2,2,2,"Low"
16,113,3,1,2,2,"Low"
77,6,3,1,2,2,"Medium"
73,28,1,3,4,6,"Medium"
387,229,4,1,1,2,"High"
72,778,7,1,1,4,"Medium"
30,370,2,2,2,5,"Low"
42,88,6,1,3,4,"Low"
28,31,3,2,30,4,"Low"
395,22,2,2,2,4,"High"
67,138,1,2,3,4,"Medium"
169,2,3,2,1,6,"Medium"
353,8,32,2,30,4,"High"
24,172,1,1,2,2,"Low"
36,197,8,1,2,2,"Low"
24,101,14,1,1,2,"Low"
86,154,2,2,4,5,"Medium"
402,187,2,1,2,2,"High"
88,64,2,1,1,2,"Medium"
43,27,2,2,31,4,"Low"
37,135,1,2,2,6,"Low"
403,313,1,1,2,2,"High"
81,6,18,2,30,4,"Medium"
333,14,32,1,30,4,"Medium"
290,71,7,5,3,10,"Medium"
428,27,32,1,30,3,"High"
378,77,1,1,2,2,"High"
276,87,5,6,3,16,"Medium"
35,413,1,1,2,2,"Low"
404,210,1,1,2,2,"High"
40,43,5,1,5,2,"Low"
17,325,1,1,2,2,"Low"
286,55,3,4,3,8,"Medium"
13,2,1,1,91,2,"Low"
34,215,1,1,2,2,"Low"
395,85,2,1,3,2,"High"
44,41,4,1,4,3,"Low"
393,38,10,8,2,15,"High"
417,49,2,1,1,2,"High"
95,356,3,1,2,4,"Medium"
25,196,4,1,2,2,"Low"
119,181,1,1,2,2,"Medium"
387,1,6,2,30,3,"High"
361,203,3,1,1,2,"High"
30,175,2,2,3,4,"Low"
113,41,1,2,2,5,"Medium"
85,236,1,1,2,4,"Medium"
208,218,3,2,2,5,"Medium"
131,12,2,2,3,4,"Medium"
43,167,2,1,1,5,"Low"
165,21,10,3,4,5,"Medium"
63,54,2,2,2,5,"Low"
402,208,1,1,21,2,"High"
18,228,1,1,4,2,"Low"
377,180,2,1,1,2,"High"
88,9,1,2,4,4,"Medium"
412,139,1,1,2,3,"High"
113,174,1,2,1,4,"Medium"
228,88,3,2,4,5,"Medium"
378,57,2,1,2,2,"High"
3,153,2,1,2,2,"Low"
413,177,2,1,2,2,"High"
429,299,10,1,1,2,"High"
369,583,10,1,1,2,"High"
403,211,2,1,2,1,"High"
431,49,1,1,2,2,"High"
229,64,1,2,3,4,"Medium"
58,752,1,1,1,2,"Low"
420,233,1,1,3,4,"High"
58,149,2,1,3,4,"Low"
23,44,1,1,5,2,"Low"
352,155,1,5,2,11,"High"
271,51,3,3,3,6,"Medium"
417,168,5,2,30,4,"High"
329,345,3,1,1,2,"Medium"
58,82,1,2,28,5,"Low"
412,71,1,1,1,2,"High"
165,29,2,3,30,6,"Medium"
28,419,3,1,1,2,"Low"
383,1,1,1,7,1,"High"
420,150,1,1,2,4,"High"
159,9,1,2,7,5,"Medium"
373,17,1,1,2,4,"High"
417,34,1,1,1,3,"High"
351,13,1,1,30,2,"High"
412,157,3,1,3,2,"High"
430,494,1,2,1,4,"High"
364,64,2,1,30,2,"High"
211,103,1,2,2,4,"Medium"
63,298,1,2,1,5,"Low"
59,36,1,2,2,4,"Low"
273,34,2,3,4,6,"Medium"
27,279,15,1,2,4,"Low"
403,253,1,1,30,4,"High"
115,3,11,1,31,1,"Medium"
28,66,1,1,2,2,"Low"
16,168,4,1,2,4,"Low"
46,175,1,1,2,4,"Low"
428,196,1,2,31,5,"High"
403,63,39,4,30,16,"High"
428,119,1,2,2,4,"High"
27,229,1,1,2,4,"Low"
49,33,1,2,3,5,"Low"
387,123,3,1,6,2,"High"
151,89,1,2,4,4,"Medium"
93,177,1,2,3,5,"Medium"
403,290,2,1,2,4,"High"
24,177,7,1,3,2,"Low"
5,112,2,1,2,2,"Low"
395,111,2,1,5,2,"High"
24,13,4,1,3,3,"Low"
366,129,1,1,2,2,"High"
264,45,1,2,30,5,"Medium"
66,48,3,1,1,2,"Medium"
69,30,1,2,14,4,"Medium"
412,266,6,1,2,2,"High"
109,43,1,3,30,6,"Medium"
56,14,1,3,28,6,"Low"
353,413,3,1,1,1,"High"
384,129,3,1,1,2,"High"
36,514,3,1,2,4,"Low"
412,11,2,1,365,2,"High"
25,111,11,1,1,2,"Low"
45,169,10,2,2,5,"Low"
130,174,2,2,2,4,"Medium"
403,89,2,1,2,4,"High"
24,21,2,1,30,4,"Low"
428,205,2,1,3,4,"High"
72,206,4,2,2,9,"Medium"
413,416,1,1,1,3,"High"
378,70,1,1,30,2,"High"
433,254,1,1,1,2,"High"
30,244,1,1,2,2,"Low"
214,379,2,1,3,4,"Medium"
63,111,1,2,7,4,"Low"
381,77,1,1,30,2,"High"
150,2,1,1,30,2,"Medium"
332,20,1,3,7,5,"Medium"
404,12,1,1,30,2,"High"
366,8,1,1,30,2,"High"
223,107,1,5,4,9,"Medium"
404,163,1,1,2,2,"High"
415,143,1,1,2,2,"High"
403,413,1,1,2,4,"High"
394,9,2,2,30,4,"High"
395,517,4,1,1,2,"High"
111,7,4,1,2,2,"Medium"
385,292,1,1,1,2,"High"
86,57,2,2,30,3,"Medium"
69,164,10,2,2,4,"Medium"
40,129,1,1,2,3,"Low"
77,47,1,2,3,4,"Medium"
17,103,3,1,2,2,"Low"
392,49,4,1,30,2,"High"
257,188,2,1,2,2,"Medium"
423,266,2,2,1,4,"High"
346,44,2,1,2,2,"High"
369,9,2,1,1,2,"High"
272,354,4,1,1,1,"Medium"
403,185,1,1,2,2,"High"
297,327,2,1,1,1,"Medium"
17,83,1,3,1,5,"Low"
287,25,1,1,30,1,"Medium"
45,235,2,2,1,6,"Low"
430,98,4,2,1,4,"High"
351,321,1,1,1,2,"High"
387,47,2,1,3,2,"High"
43,9,4,3,30,6,"Low"
170,194,1,2,2,5,"Medium"
351,11,1,1,153,2,"High"
28,115,1,2,30,6,"Low"
41,326,2,1,2,2,"Low"
312,462,3,1,1,2,"Medium"
391,125,3,1,3,2,"High"
23,231,2,1,3,4,"Low"
401,237,1,1,1,2,"High"
244,123,7,5,3,10,"Medium"
325,191,2,5,3,12,"Medium"
32,152,4,2,2,6,"Low"
19,413,3,2,1,5,"Low"
68,238,1,1,1,4,"Medium"
58,139,3,2,13,4,"Low"
304,31,6,3,28,6,"Medium"
428,107,2,1,2,4,"High"
308,1,4,1,30,2,"Medium"
364,103,1,2,1,4,"High"
413,259,2,1,2,4,"High"
123,197,2,1,30,2,"Medium"
63,61,1,2,1,4,"Low"
398,774,3,1,1,4,"High"
387,42,1,1,2,2,"High"
23,60,1,1,2,2,"Low"
292,2,4,1,30,1,"Medium"
163,39,2,2,6,2,"Medium"
61,102,5,1,2,2,"Low"
305,1,4,1,30,1,"Medium"
366,59,2,1,7,2,"High"
333,93,4,1,2,2,"Medium"
297,94,5,1,1,2,"Medium"
165,12,2,4,2,6,"Medium"
61,305,1,1,1,4,"Low"
384,101,2,2,1,4,"High"
395,171,2,1,1,3,"High"
394,2,1,1,30,2,"High"
292,39,4,1,31,2,"Medium"
18,205,4,1,2,4,"Low"
37,358,1,2,1,4,"Low"
359,3,3,5,2,10,"High"
375,266,1,1,2,4,"High"
23,74,2,1,3,4,"Low"
422,47,1,1,2,4,"High"
60,139,7,1,1,2,"Low"
398,119,1,1,30,2,"High"
28,6,2,2,31,5,"Low"
91,539,1,3,1,10,"Medium"
227,12,8,1,30,1,"Medium"
264,114,1,1,2,2,"Medium"
375,82,4,1,30,2,"High"
249,18,8,1,30,1,"Medium"
395,349,1,1,2,2,"High"
84,229,2,1,2,2,"Medium"
61,152,1,2,3,4,"Low"
420,87,3,1,2,4,"High"
74,154,9,2,2,6,"Medium"
24,278,1,1,2,2,"Low"
31,122,1,1,2,2,"Low"
403,18,3,2,30,4,"High"
387,111,2,1,3,2,"High"
112,279,1,1,2,4,"Medium"
113,2,7,3,7,5,"Medium"
420,185,2,1,1,4,"High"
422,474,18,1,1,2,"High"
15,165,11,1,1,2,"Low"
44,16,3,1,2,4,"Low"
28,135,1,1,30,3,"Low"
143,106,1,4,2,8,"Medium"
55,137,3,2,2,4,"Low"
52,79,2,2,30,4,"Low"
63,88,1,1,2,2,"Low"
422,126,4,1,30,2,"High"
28,156,1,1,2,4,"Low"
235,23,5,1,1,1,"Medium"
14,541,2,1,1,2,"Low"
56,454,1,2,1,4,"Low"
106,177,1,2,2,5,"Medium"
13,189,2,1,1,2,"Low"
48,273,1,1,2,5,"Low"
25,83,11,1,1,3,"Low"
63,49,1,2,30,5,"Low"
211,14,1,1,30,5,"Medium"
38,164,2,3,28,5,"Low"
414,183,3,1,3,2,"High"
116,232,1,2,2,5,"Medium"
430,579,1,2,1,5,"High"
333,58,3,2,1,2,"Medium"
353,49,2,1,3,2,"High"
58,127,1,2,2,5,"Low"
59,456,2,2,2,4,"Low"
88,248,2,1,2,2,"Medium"
88,82,1,2,2,5,"Medium"
52,187,3,1,2,3,"Low"
113,111,1,3,2,5,"Medium"
17,78,1,2,3,4,"Low"
279,149,6,1,1,3,"Medium"
227,124,6,2,1,4,"Medium"
425,165,1,2,3,4,"High"
350,2,3,7,30,16,"High"
131,18,1,3,3,6,"Medium"
415,2,1,1,30,4,"High"
33,41,1,3,30,6,"Low"
63,7,1,3,30,6,"Low"
415,6,11,1,30,2,"High"
25,162,4,1,2,4,"Low"
59,28,4,2,30,5,"Low"
45,43,11,1,1,2,"Low"
433,394,2,1,1,4,"High"
239,142,6,5,1,10,"Medium"
204,53,7,2,30,5,"Medium"
428,144,2,1,2,4,"High"
429,259,1,1,2,2,"High"
326,81,3,1,1,1,"Medium"
364,51,5,1,2,2,"High"
377,178,3,1,1,2,"High"
16,247,1,1,2,3,"Low"
13,438,2,1,2,2,"Low"
88,195,5,2,2,6,"Medium"
431,1,1,2,30,4,"High"
68,158,2,1,2,2,"Medium"
153,83,6,2,4,4,"Medium"
38,103,1,2,1,4,"Low"
272,83,2,1,2,1,"Medium"
39,247,2,2,1,5,"Low"
122,92,2,2,4,5,"Medium"
322,150,5,5,2,9,"Medium"
19,285,2,1,2,4,"Low"
33,43,1,2,2,4,"Low"
129,145,1,1,2,2,"Medium"
414,179,1,1,2,3,"High"
45,259,2,2,2,5,"Low"
33,267,1,1,2,4,"Low"
18,123,3,1,30,2,"Low"
13,23,2,3,30,4,"Low"
40,345,3,2,1,5,"Low"
395,362,2,1,2,4,"High"
39,87,7,3,2,6,"Low"
73,174,2,1,3,4,"Medium"
362,12,4,4,3,4,"High"
48,175,2,1,3,4,"Low"
381,210,2,1,2,1,"High"
184,360,1,1,1,2,"Medium"
425,81,2,1,2,3,"High"
16,244,1,1,2,4,"Low"
13,129,1,2,2,4,"Low"
78,15,2,2,20,3,"Medium"
261,7,4,3,21,6,"Medium"
415,126,1,1,1,2,"High"
417,17,3,1,30,2,"High"
32,270,1,2,1,4,"Low"
406,216,3,1,2,2,"High"
417,31,4,1,2,2,"High"
384,86,3,1,2,2,"High"
23,179,4,1,2,2,"Low"
19,284,1,2,2,4,"Low"
45,144,1,1,4,4,"Low"
66,19,2,2,2,5,"Medium"
369,252,1,1,1,2,"High"
13,2,5,2,30,4,"Low"
153,279,1,2,2,4,"Medium"
150,262,1,2,2,5,"Medium"
364,310,1,1,2,2,"High"
36,304,4,1,2,4,"Low"
378,140,6,1,1,2,"High"
420,161,1,2,2,4,"High"
429,194,1,1,2,3,"High"
43,300,1,1,2,4,"Low"
373,122,6,1,1,2,"High"
31,104,3,1,2,4,"Low"
53,37,2,1,7,2,"Low"
125,322,2,2,1,5,"Medium"
394,160,1,1,2,3,"High"
404,10,7,2,2,4,"High"
58,167,1,1,2,4,"Low"
63,64,3,2,4,4,"Low"
414,62,1,2,12,6,"High"
378,263,3,2,2,4,"High"
55,186,1,1,2,4,"Low"
32,71,7,2,4,5,"Low"
45,237,1,1,2,2,"Low"
31,122,6,1,30,4,"Low"
357,583,4,1,2,2,"High"
97,266,1,2,2,4,"Medium"
36,152,4,2,1,5,"Low"
13,60,1,2,2,4,"Low"
279,15,2,1,31,1,"Medium"
409,375,1,1,1,2,"High"
28,130,1,1,1,3,"Low"
383,78,4,1,2,1,"High"
366,25,11,1,31,1,"High"
95,1,1,1,31,2,"Medium"
23,79,1,1,2,2,"Low"
279,2,1,1,31,1,"Medium"
391,73,6,1,1,2,"High"
385,329,5,2,2,3,"High"
24,165,1,1,2,4,"Low"
79,265,3,2,2,6,"Medium"
428,339,1,1,2,2,"High"
53,116,3,1,1,2,"Low"
20,257,1,1,1,4,"Low"
357,376,1,1,1,2,"High"
73,143,1,1,2,2,"Medium"
88,119,3,3,3,8,"Medium"
408,83,4,1,58,4,"High"
18,255,2,2,2,4,"Low"
425,549,3,1,1,2,"High"
19,433,1,1,1,2,"Low"
62,28,3,1,6,4,"Low"
385,8,4,1,2,2,"High"
62,173,1,2,2,5,"Low"
433,245,1,1,2,2,"High"
420,129,1,1,3,3,"High"
355,21,6,1,1,2,"High"
33,74,1,1,3,4,"Low"
392,128,1,1,3,2,"High"
417,76,4,1,58,3,"High"
28,83,1,2,2,5,"Low"
13,341,1,2,1,5,"Low"
35,266,1,1,2,4,"Low"
36,68,8,1,3,3,"Low"
33,100,3,1,1,3,"Low"
72,138,1,1,2,3,"Medium"
395,96,2,1,28,1,"High"
163,147,3,1,2,2,"Medium"
373,8,1,1,31,2,"High"
212,126,3,2,2,4,"Medium"
14,211,1,1,2,2,"Low"
76,306,1,1,2,4,"Medium"
31,571,3,1,1,2,"Low"
93,123,4,1,2,2,"Medium"
25,356,4,2,3,4,"Low"
385,7,4,1,2,2,"High"
403,5,4,1,2,2,"High"
52,263,3,1,2,4,"Low"
211,90,8,4,4,8,"Medium"
21,270,1,1,2,2,"Low"
353,37,4,1,30,3,"High"
34,62,1,2,2,4,"Low"
43,33,1,2,3,4,"Low"
421,118,7,1,1,2,"High"
20,246,1,2,4,4,"Low"
24,154,1,1,2,2,"Low"
44,271,1,1,2,4,"Low"
417,145,1,1,1,3,"High"
52,86,3,1,1,2,"Low"
373,223,2,1,2,2,"High"
33,7,1,2,30,4,"Low"
43,109,1,2,2,4,"Low"
383,127,4,1,2,2,"High"
433,198,1,1,3,4,"High"
29,130,1,1,3,2,"Low"
189,7,3,5,30,7,"Medium"
257,68,8,1,10,1,"Medium"
48,532,7,1,1,4,"Low"
110,99,1,2,3,6,"Medium"
31,99,1,1,10,2,"Low"
165,141,2,2,3,4,"Medium"
109,23,1,1,3,2,"Medium"
38,95,3,2,2,6,"Low"
415,211,13,2,4,4,"High"
383,252,2,1,2,4,"High"
420,160,2,1,2,2,"High"
146,155,60,2,1,6,"Medium"
88,56,60,1,1,4,"Medium"
168,126,60,2,1,6,"Medium"
90,78,60,1,1,4,"Medium"
229,54,60,3,2,8,"Medium"
90,82,60,1,1,4,"Medium"
135,68,60,2,1,4,"Medium"
395,218,2,2,1,4,"High"
38,61,2,1,5,2,"Low"
353,16,2,1,10,2,"High"
76,597,7,1,1,4,"Medium"
45,360,1,2,2,5,"Low"
414,345,1,1,2,2,"High"
54,342,2,1,2,4,"Low"
385,288,1,1,1,5,"High"
433,52,1,1,2,3,"High"
59,210,4,1,2,2,"Low"
312,21,1,1,30,2,"Medium"
32,312,2,1,2,2,"Low"
369,143,5,1,1,2,"High"
430,264,2,1,2,3,"High"
34,299,1,1,2,4,"Low"
309,38,4,2,1,4,"Medium"
107,16,1,1,2,2,"Medium"
38,30,1,2,2,5,"Low"
107,297,1,2,1,5,"Medium"
63,278,1,1,2,4,"Low"
52,96,2,1,1,3,"Low"
428,275,2,1,2,2,"High"
412,66,1,1,2,2,"High"
33,202,1,1,1,2,"Low"
412,45,3,1,2,2,"High"
93,2,3,2,31,2,"Medium"
97,97,1,2,2,6,"Medium"
72,13,2,2,3,4,"Medium"
104,5,6,2,5,5,"Medium"
97,145,2,2,1,4,"Medium"
384,56,6,1,2,2,"High"
33,344,1,2,1,5,"Low"
107,659,1,1,1,5,"Medium"
53,62,1,2,2,5,"Low"
22,13,4,2,30,5,"Low"
20,312,2,1,10,2,"Low"
22,450,6,1,1,4,"Low"
110,166,3,2,2,5,"Medium"
33,210,4,1,2,2,"Low"
395,178,5,1,2,2,"High"
412,517,1,1,1,2,"High"
40,294,5,1,1,4,"Low"
355,207,1,2,1,4,"High"
412,213,2,1,2,3,"High"
423,43,8,1,1,4,"High"
329,23,2,1,2,2,"Medium"
433,69,2,2,7,4,"High"
247,145,1,2,4,5,"Medium"
408,278,2,1,1,2,"High"
390,21,2,1,30,1,"High"
31,205,4,1,1,4,"Low"
28,218,1,1,2,4,"Low"
29,89,1,1,2,2,"Low"
40,620,3,1,1,2,"Low"
421,116,1,1,2,2,"High"
58,365,2,3,21,6,"Low"
16,207,1,1,2,4,"Low"
40,251,1,2,2,4,"Low"
395,150,1,1,28,3,"High"
15,29,3,1,3,2,"Low"
25,477,7,1,1,4,"Low"
21,449,6,1,1,3,"Low"
32,334,2,1,3,3,"Low"
28,64,3,1,3,2,"Low"
58,12,1,3,30,6,"Low"
33,7,3,2,2,4,"Low"
20,244,1,1,2,2,"Low"
116,38,1,1,5,2,"Medium"
35,100,1,1,3,2,"Low"
134,397,1,5,1,12,"Medium"
409,31,5,1,5,2,"High"
395,7,1,1,1,2,"High"
67,76,3,4,1,6,"Medium"
19,269,16,1,1,2,"Low"
79,159,1,1,2,5,"Medium"
51,122,5,1,1,2,"Low"
41,102,1,2,2,5,"Low"
21,296,1,1,1,4,"Low"
433,77,1,1,3,4,"High"
24,241,16,1,1,2,"Low"
429,61,2,1,3,2,"High"
429,99,1,1,2,4,"High"
429,339,2,2,1,6,"High"
41,364,1,2,1,5,"Low"
14,36,6,1,4,2,"Low"
428,318,1,1,2,2,"High"
381,34,6,1,2,2,"High"
433,141,4,1,1,2,"High"
215,29,10,3,2,6,"Medium"
361,53,1,1,7,2,"High"
428,126,1,2,3,4,"High"
333,80,1,1,30,3,"Medium"
107,270,2,4,2,8,"Medium"
165,32,2,3,3,6,"Medium"
48,85,1,2,2,5,"Low"
107,477,9,3,1,6,"Medium"
34,283,1,1,2,2,"Low"
38,102,2,1,3,2,"Low"
166,89,4,2,2,5,"Medium"
53,2,2,1,31,3,"Low"
417,377,1,1,1,5,"High"
106,91,60,1,1,4,"Medium"
414,218,2,1,2,2,"High"
22,433,7,1,1,4,"Low"
116,165,2,2,7,6,"Medium"
412,22,3,1,14,4,"High"
102,67,504,1,1,4,"Medium"
154,60,504,2,1,6,"Medium"
93,7,4,2,2,4,"Medium"
48,45,1,1,1,3,"Low"
102,2,3,2,2,3,"Medium"
312,91,4,1,1,2,"Medium"
366,19,4,1,2,2,"High"
53,2,2,1,31,4,"Low"
420,51,1,1,1,2,"High"
429,181,2,1,3,3,"High"
233,223,2,5,2,10,"Medium"
88,145,2,3,2,5,"Medium"
34,477,9,2,1,5,"Low"
52,124,1,1,3,2,"Low"
35,9,5,2,31,5,"Low"
116,18,1,2,3,4,"Medium"
366,19,3,1,30,4,"High"
83,434,1,3,1,6,"Medium"
420,60,3,1,3,2,"High"
34,75,1,1,2,2,"Low"
287,13,7,1,30,1,"Medium"
20,419,1,1,1,2,"Low"
15,267,1,1,2,2,"Low"
41,287,23,2,1,4,"Low"
43,241,1,1,1,3,"Low"
60,16,1,2,30,4,"Low"
395,93,2,2,21,4,"High"
88,58,5,2,3,4,"Medium"
421,19,3,2,4,4,"High"
129,171,3,2,3,4,"Medium"
431,193,1,1,2,4,"High"
26,54,2,1,5,3,"Low"
403,377,1,1,2,2,"High"
72,151,1,1,4,4,"Medium"
88,54,2,2,1,4,"Medium"
361,107,2,1,1,2,"High"
77,254,1,2,1,5,"Medium"
109,28,1,2,2,4,"Medium"
91,193,1,1,3,2,"Medium"
148,189,2,3,2,6,"Medium"
169,116,1,2,5,4,"Medium"
36,84,2,1,2,4,"Low"
14,126,2,1,2,5,"Low"
33,49,1,1,28,2,"Low"
433,28,2,2,2,4,"High"
415,590,1,1,1,2,"High"
357,61,1,2,31,6,"High"
39,557,7,1,1,3,"Low"
24,144,2,1,2,2,"Low"
13,73,2,1,3,1,"Low"
211,25,1,3,2,6,"Medium"
234,76,1,5,3,16,"Medium"
15,183,1,1,2,5,"Low"
23,141,1,1,3,5,"Low"
52,132,1,1,2,2,"Low"
387,2,5,1,31,2,"High"
63,45,1,2,2,6,"Low"
431,45,2,1,2,3,"High"
33,3,1,2,30,4,"Low"
431,573,2,1,1,2,"High"
124,137,1,2,2,5,"Medium"
428,2,1,1,2,2,"High"
92,67,6,2,2,5,"Medium"
329,98,4,1,1,2,"Medium"
149,435,3,3,1,5,"Medium"
425,8,5,2,30,4,"High"
74,399,9,2,1,5,"Medium"
40,227,1,1,2,2,"Low"
39,49,1,2,4,4,"Low"
404,32,2,1,2,2,"High"
29,157,1,1,4,2,"Low"
72,127,1,2,2,5,"Medium"
392,62,1,1,1,2,"High"
433,152,1,1,1,2,"High"
133,174,2,2,3,4,"Medium"
96,45,12,1,1,3,"Medium"
84,17,12,1,1,3,"Medium"
431,249,1,2,1,4,"High"
75,23,12,1,1,2,"Medium"
68,23,12,1,1,3,"Medium"
83,18,12,1,1,3,"Medium"
61,31,12,1,1,3,"Low"
78,59,1,3,2,5,"Medium"
33,43,3,2,7,2,"Low"
23,107,5,1,1,2,"Low"
28,167,3,1,3,2,"Low"
63,32,2,1,2,2,"Low"
297,217,9,1,3,2,"Medium"
192,338,9,1,3,2,"Medium"
412,177,2,1,1,2,"High"
385,174,3,1,2,2,"High"
38,34,1,1,31,2,"Low"
96,249,3,1,2,2,"Medium"
62,161,1,2,1,5,"Low"
13,99,3,1,4,2,"Low"
428,159,1,1,3,2,"High"
43,120,1,2,3,4,"Low"
77,181,1,2,3,4,"Medium"
140,48,1,2,2,4,"Medium"
297,277,4,1,1,2,"Medium"
421,329,1,1,2,2,"High"
323,159,3,3,2,10,"Medium"
15,133,1,1,2,2,"Low"
433,9,1,2,30,4,"High"
85,329,1,1,2,5,"Medium"
48,240,1,2,1,5,"Low"
381,71,1,1,2,2,"High"
109,128,1,1,2,2,"Medium"
27,186,1,1,2,3,"Low"
52,98,2,2,2,5,"Low"
414,193,2,1,3,2,"High"
88,69,1,2,2,5,"Medium"
292,260,2,1,1,2,"Medium"
423,257,2,1,1,4,"High"
25,67,1,1,7,2,"Low"
422,18,4,2,30,4,"High"
408,446,1,1,1,2,"High"
98,205,1,1,2,4,"Medium"
186,25,2,2,3,5,"Medium"
37,183,4,2,1,4,"Low"
50,217,4,1,1,4,"Low"
402,24,1,1,30,4,"High"
30,484,2,1,1,2,"Low"
38,24,2,1,5,4,"Low"
63,170,1,1,2,4,"Low"
421,200,1,1,2,4,"High"
387,6,1,2,29,4,"High"
433,178,1,1,1,2,"High"
428,153,1,1,2,2,"High"
18,169,2,1,2,3,"Low"
29,164,3,1,2,2,"Low"
404,14,1,1,30,2,"High"
383,155,1,1,4,4,"High"
32,69,3,1,2,3,"Low"
146,228,1,1,1,5,"Medium"
102,1,3,1,3,4,"Medium"
210,15,11,1,2,1,"Medium"
406,75,1,1,1,3,"High"
73,76,1,1,2,2,"Medium"
312,10,2,1,31,1,"Medium"
312,7,2,1,31,1,"Medium"
19,36,2,1,2,2,"Low"
63,49,2,2,2,5,"Low"
13,17,11,2,2,4,"Low"
80,89,1,1,4,5,"Medium"
13,2,2,2,30,4,"Low"
66,87,3,1,1,4,"Medium"
430,65,2,1,2,2,"High"
43,28,5,2,3,5,"Low"
32,186,3,1,1,3,"Low"
118,429,1,2,1,5,"Medium"
395,26,3,1,2,3,"High"
433,40,2,1,1,2,"High"
428,4,2,2,30,5,"High"
392,17,2,1,30,2,"High"
90,289,4,2,1,5,"Medium"
428,2,2,2,2,4,"High"
42,291,1,1,2,3,"Low"
387,248,1,1,1,2,"High"
377,204,1,1,1,2,"High"
430,144,1,1,2,3,"High"
412,57,1,1,2,2,"High"
412,26,1,1,30,2,"High"
385,21,4,2,1,3,"High"
420,82,1,1,2,4,"High"
165,1,10,2,30,5,"Medium"
88,62,12,2,1,5,"Medium"
312,99,7,1,2,2,"Medium"
404,73,1,2,2,2,"High"
413,516,1,1,1,2,"High"
430,240,1,2,2,4,"High"
395,11,13,1,31,2,"High"
413,136,1,1,2,4,"High"
18,161,1,1,2,4,"Low"
305,66,2,1,2,1,"Medium"
364,14,4,1,30,2,"High"
82,180,1,3,2,6,"Medium"
38,219,8,1,1,2,"Low"
412,12,1,1,2,2,"High"
78,190,1,1,2,4,"Medium"
111,77,220,3,2,6,"Medium"
413,86,5,1,1,2,"High"
43,38,5,1,30,2,"Low"
228,73,1,3,2,6,"Medium"
166,144,1,2,2,4,"Medium"
63,47,2,4,28,6,"Low"
334,29,1,2,4,5,"Medium"
18,61,1,1,30,2,"Low"
34,89,1,1,3,2,"Low"
53,287,1,2,4,5,"Low"
55,201,3,2,2,5,"Low"
420,15,1,1,30,2,"High"
41,154,1,1,2,4,"Low"
337,66,6,3,3,6,"High"
18,103,1,1,2,4,"Low"
47,128,1,1,31,2,"Low"
425,18,1,1,30,3,"High"
433,17,2,1,30,4,"High"
412,68,5,1,2,1,"High"
392,90,1,1,2,3,"High"
417,234,3,1,1,1,"High"
250,4,2,3,3,7,"Medium"
35,239,1,1,1,3,"Low"
17,218,1,1,2,3,"Low"
20,90,1,1,4,2,"Low"
13,74,2,1,3,2,"Low"
430,6,2,1,30,4,"High"
165,57,4,2,3,4,"Medium"
413,190,2,1,2,4,"High"
74,202,4,1,2,5,"Medium"
48,150,1,1,2,4,"Low"
165,39,1,1,28,4,"Medium"
286,10,1,3,30,8,"Medium"
204,427,5,4,1,8,"Medium"
162,35,1,1,3,2,"Medium"
63,112,2,1,3,2,"Low"
146,147,3,3,1,9,"Medium"
116,139,10,1,30,4,"Medium"
19,200,1,1,2,3,"Low"
17,396,6,1,1,2,"Low"
15,298,7,1,1,2,"Low"
63,47,5,1,30,2,"Low"
33,165,5,1,2,2,"Low"
143,180,4,2,1,4,"Medium"
96,438,1,2,1,4,"Medium"
345,104,1,4,3,8,"High"
377,372,2,1,2,2,"High"
105,410,1,4,1,8,"Medium"
89,102,4,1,1,3,"Medium"
38,23,8,1,1,4,"Low"
210,14,11,1,30,1,"Medium"
94,134,4,1,1,2,"Medium"
94,144,4,1,1,3,"Medium"
93,295,1,2,2,4,"Medium"
410,227,23,2,1,4,"High"
181,130,3,3,2,6,"Medium"
377,56,3,1,5,2,"High"
402,200,1,1,2,2,"High"
366,18,1,1,31,2,"High"
63,152,2,2,3,4,"Low"
70,7,3,2,4,4,"Medium"
320,44,3,1,1,1,"Medium"
420,214,1,1,2,2,"High"
404,96,1,1,3,4,"High"
408,116,1,1,1,1,"High"
207,13,2,2,3,4,"Medium"
196,50,1,4,2,7,"Medium"
417,192,1,1,2,3,"High"
297,5,1,1,30,2,"Medium"
31,102,6,1,2,4,"Low"
25,117,2,1,3,4,"Low"
377,215,119,1,1,2,"High"
41,401,1,2,1,6,"Low"
33,188,1,1,1,4,"Low"
409,96,1,1,2,4,"High"
288,42,3,5,1,10,"Medium"
420,329,1,1,1,4,"High"
415,282,1,1,1,2,"High"
329,6,7,1,2,2,"Medium"
423,205,1,1,2,3,"High"
86,434,2,2,1,4,"Medium"
42,165,1,1,2,3,"Low"
47,224,2,1,2,4,"Low"
412,11,1,1,30,4,"High"
22,235,1,2,1,4,"Low"
22,36,2,2,3,5,"Low"
37,189,2,2,1,6,"Low"
290,183,1,4,2,9,"Medium"
417,110,10,1,2,2,"High"
327,57,5,5,2,10,"Medium"
167,83,2,3,4,10,"Medium"
13,124,6,2,1,5,"Low"
29,448,2,1,1,4,"Low"
33,1,2,2,14,6,"Low"
408,88,1,1,5,2,"High"
14,307,5,1,1,2,"Low"
404,149,1,2,2,5,"High"
13,4,6,2,30,4,"Low"
42,100,4,1,2,3,"Low"
205,191,3,5,2,10,"Medium"
13,121,1,1,2,4,"Low"
61,210,3,1,2,3,"Low"
68,87,3,2,10,6,"Medium"
32,174,1,1,2,3,"Low"
333,4,1,1,30,2,"Medium"
95,5,1,3,3,5,"Medium"
85,10,3,4,31,5,"Medium"
410,7,2,3,60,2,"High"
23,247,16,1,1,2,"Low"
112,17,3,2,1,4,"Medium"
47,183,1,1,2,4,"Low"
43,221,1,1,4,5,"Low"
111,12,4,2,5,4,"Medium"
353,210,2,1,1,3,"High"
140,77,1,1,2,2,"Medium"
395,129,1,1,2,4,"High"
27,110,1,1,5,3,"Low"
353,31,3,1,1,1,"High"
27,148,16,1,1,2,"Low"
433,11,5,2,2,4,"High"
15,225,2,1,2,2,"Low"
53,35,2,2,2,2,"Low"
18,29,1,2,2,4,"Low"
17,140,1,1,2,4,"Low"
431,510,6,1,1,2,"High"
113,12,3,2,2,5,"Medium"
99,224,2,1,1,4,"Medium"
210,7,11,1,30,1,"Medium"
152,68,9,3,1,7,"Medium"
422,196,2,1,2,2,"High"
409,13,4,3,30,5,"High"
428,25,1,1,1,2,"High"
428,397,1,1,1,4,"High"
321,154,1,4,2,8,"Medium"
17,185,2,1,2,3,"Low"
32,125,1,1,3,4,"Low"
404,12,5,1,30,2,"High"
104,43,1,2,2,4,"Medium"
66,73,3,1,2,2,"Medium"
25,121,2,2,7,4,"Low"
24,80,1,1,5,2,"Low"
97,47,2,2,2,4,"Medium"
116,18,5,1,2,2,"Medium"
41,236,1,1,2,2,"Low"
111,34,1,3,2,4,"Medium"
375,85,2,2,2,4,"High"
23,83,7,2,2,7,"Low"
39,223,2,2,1,6,"Low"
48,42,38,2,2,4,"Low"
13,11,1,1,30,2,"Low"
391,30,6,1,1,2,"High"
405,25,9,4,3,10,"High"
22,96,7,2,30,4,"Low"
99,121,1,1,2,4,"Medium"
63,7,1,2,6,4,"Low"
378,116,10,1,30,3,"High"
203,316,16,4,1,8,"Medium"
22,323,16,2,1,4,"Low"
50,342,16,2,1,4,"Low"
34,192,2,1,2,2,"Low"
45,57,220,1,2,4,"Low"
98,47,6,2,7,4,"Medium"
392,151,1,1,1,1,"High"
88,82,60,1,1,4,"Medium"
163,38,3,2,3,4,"Medium"
22,1,6,2,2,4,"Low"
385,32,1,1,2,4,"High"
26,107,1,2,2,4,"Low"
433,11,2,1,30,3,"High"
35,309,10,1,1,3,"Low"
69,139,2,1,2,4,"Medium"
394,449,7,1,1,2,"High"
210,36,4,1,30,1,"Medium"
68,185,6,1,2,4,"Medium"
125,174,2,3,1,6,"Medium"
428,4,5,1,30,2,"High"
58,120,1,2,2,4,"Low"
62,344,2,1,1,2,"Low"
135,423,2,4,1,8,"Medium"
127,137,1,1,3,4,"Medium"
49,162,5,1,1,4,"Low"
66,94,1,1,3,2,"Medium"
433,50,1,1,2,2,"High"
395,28,4,2,31,4,"High"
128,195,1,2,2,5,"Medium"
61,177,2,2,1,4,"Low"
52,187,10,2,1,5,"Low"
305,4,8,1,30,2,"Medium"
406,692,4,1,1,2,"High"
117,278,1,4,1,8,"Medium"
63,119,1,1,1,2,"Low"
308,87,4,1,2,2,"Medium"
63,125,2,1,2,2,"Low"
420,339,1,1,1,2,"High"
364,159,4,1,31,2,"High"
110,97,1,4,4,10,"Medium"
13,3,1,1,30,2,"Low"
199,74,1,3,31,8,"Medium"
140,116,3,2,3,6,"Medium"
113,29,2,3,6,6,"Medium"
198,119,1,4,3,8,"Medium"
364,62,5,1,1,1,"High"
99,89,8,3,7,6,"Medium"
88,295,1,3,1,7,"Medium"
35,117,1,1,2,3,"Low"
378,207,2,1,5,4,"High"
366,98,1,1,2,2,"High"
163,104,3,1,2,2,"Medium"
162,421,6,3,1,8,"Medium"
403,241,3,1,1,2,"High"
425,235,1,1,2,3,"High"
385,60,3,1,1,1,"High"
90,363,1,1,1,4,"Medium"
23,162,2,2,2,4,"Low"
212,51,4,2,2,4,"Medium"
230,146,3,3,1,8,"Medium"
102,7,16,3,2,6,"Medium"
38,1,3,1,30,2,"Low"
68,62,1,1,3,2,"Medium"
29,17,2,2,2,5,"Low"
38,33,1,1,2,2,"Low"
13,14,2,1,30,2,"Low"
406,138,119,2,1,3,"High"
61,64,1,1,2,2,"Low"
17,86,1,1,5,2,"Low"
91,307,1,1,2,4,"Medium"
423,5,7,1,30,3,"High"
63,8,1,2,2,2,"Low"
420,29,8,1,1,3,"High"
430,23,1,1,3,4,"High"
49,133,1,2,3,5,"Low"
242,7,1,1,2,1,"Medium"
429,126,2,2,2,4,"High"
37,171,1,2,1,5,"Low"
33,5,2,2,31,5,"Low"
385,14,4,1,30,2,"High"
13,24,2,3,28,6,"Low"
22,214,16,1,1,2,"Low"
422,1,1,1,30,3,"High"
13,2,1,1,30,2,"Low"
395,97,3,1,1,2,"High"
32,42,1,1,1,4,"Low"
23,16,1,2,30,4,"Low"
428,94,1,1,3,2,"High"
13,112,1,1,7,2,"Low"
433,5,9,2,30,4,"High"
428,28,3,1,7,2,"High"
56,196,1,1,2,4,"Low"
408,245,3,1,2,4,"High"
15,10,1,2,30,4,"Low"
88,38,2,2,30,4,"Medium"
40,224,11,2,2,4,"Low"
429,256,11,1,2,2,"High"
13,378,2,1,2,2,"Low"
39,119,2,1,2,2,"Low"
143,33,1,2,2,6,"Medium"
361,182,2,1,2,2,"High"
329,148,4,1,1,2,"Medium"
84,14,1,2,21,2,"Medium"
412,9,2,1,31,6,"High"
84,117,1,2,2,4,"Medium"
30,211,3,2,2,6,"Low"
290,107,2,4,2,8,"Medium"
286,195,4,5,1,12,"Medium"
361,275,2,1,2,2,"High"
218,7,1,1,30,1,"Medium"
428,32,1,1,1,4,"High"
131,36,3,2,2,4,"Medium"
433,238,2,1,1,2,"High"
52,223,1,3,1,6,"Low"
55,127,2,2,2,6,"Low"
24,84,2,1,1,2,"Low"
86,376,1,2,1,5,"Medium"
425,6,5,1,28,2,"High"
395,218,2,1,1,2,"High"
39,136,1,1,2,4,"Low"
430,73,2,1,2,4,"High"
392,98,2,1,1,2,"High"
353,11,2,2,30,2,"High"
93,249,2,1,2,4,"Medium"
346,307,4,1,1,2,"High"
413,66,1,1,2,4,"High"
74,196,2,1,2,4,"Medium"
24,135,1,1,2,2,"Low"
63,9,1,3,31,6,"Low"
79,182,1,3,3,6,"Medium"
109,251,7,2,1,5,"Medium"
79,239,2,2,2,4,"Medium"
413,145,119,1,1,4,"High"
13,107,1,1,2,2,"Low"
121,58,1,2,3,5,"Medium"
305,115,11,1,1,1,"Medium"
333,8,4,1,2,2,"Medium"
395,180,1,1,2,4,"High"
420,8,1,4,2,7,"High"
329,7,2,1,30,2,"Medium"
125,43,3,2,1,4,"Medium"
88,154,2,2,2,4,"Medium"
149,22,3,2,1,6,"Medium"
412,46,1,1,1,2,"High"
63,111,8,1,3,4,"Low"
431,43,6,1,1,2,"High"
428,8,2,1,30,2,"High"
392,289,2,1,2,4,"High"
239,100,3,5,2,10,"Medium"
421,139,23,1,1,2,"High"
26,271,1,1,2,2,"Low"
25,97,5,2,1,4,"Low"
36,198,1,2,1,5,"Low"
428,2,6,2,30,3,"High"
13,53,1,1,2,4,"Low"
420,94,2,1,2,4,"High"
412,139,5,1,3,2,"High"
38,54,1,2,3,5,"Low"
346,17,1,1,30,4,"High"
41,38,1,2,28,4,"Low"
399,83,8,6,4,16,"High"
183,37,3,2,2,6,"Medium"
73,368,7,1,2,2,"Medium"
15,147,1,1,1,2,"Low"
366,11,7,1,30,1,"High"
144,7,1,4,3,10,"Medium"
420,63,2,1,3,4,"High"
420,11,1,2,31,4,"High"
384,116,5,1,3,2,"High"
412,26,2,2,6,4,"High"
43,51,1,1,5,4,"Low"
55,163,1,1,2,3,"Low"
28,148,3,1,1,4,"Low"
18,310,1,1,1,2,"Low"
143,66,3,4,6,6,"Medium"
31,182,6,1,1,3,"Low"
104,215,8,4,2,10,"Medium"
333,63,2,1,1,2,"Medium"
79,246,11,1,2,3,"Medium"
25,36,12,1,1,3,"Low"
88,118,1,2,5,6,"Medium"
24,175,2,2,2,6,"Low"
96,149,50,2,2,4,"Medium"
36,270,4,2,1,5,"Low"
223,234,4,4,1,8,"Medium"
269,305,12,3,1,8,"Medium"
117,230,1,1,3,2,"Medium"
420,36,3,2,1,4,"High"
38,29,1,2,30,5,"Low"
13,459,3,1,1,2,"Low"
14,46,4,2,1,3,"Low"
41,76,1,2,2,4,"Low"
425,88,1,1,3,2,"High"
417,1,2,1,30,2,"High"
160,175,1,2,2,6,"Medium"
129,137,50,2,2,5,"Medium"
88,40,1,3,7,6,"Medium"
36,228,2,2,2,5,"Low"
403,20,3,2,30,4,"High"
333,166,1,1,1,2,"Medium"
43,25,3,1,5,2,"Low"
85,227,1,1,2,2,"Medium"
178,24,286,2,2,4,"Medium"
150,149,50,2,2,5,"Medium"
408,7,50,1,30,2,"High"
78,29,1,2,2,4,"Medium"
116,5,8,3,30,6,"Medium"
412,32,1,1,3,2,"High"
144,423,1,3,1,10,"Medium"
38,109,1,2,30,4,"Low"
23,19,3,1,30,2,"Low"
35,196,1,2,2,5,"Low"
94,17,1,1,3,2,"Medium"
406,469,4,2,1,4,"High"
16,242,1,1,2,3,"Low"
69,9,1,2,2,1,"Medium"
26,96,1,1,1,4,"Low"
55,165,1,1,1,2,"Low"
188,35,1,4,1,15,"Medium"
23,101,2,1,2,4,"Low"
305,128,11,1,1,1,"Medium"
67,39,1,2,2,4,"Medium"
67,143,2,2,2,4,"Medium"
13,52,2,1,2,4,"Low"
408,107,1,1,4,2,"High"
62,85,2,1,2,4,"Low"
422,223,3,1,1,4,"High"
392,118,1,1,1,2,"High"
111,14,2,4,30,6,"Medium"
58,34,1,1,1,2,"Low"
333,106,4,1,1,2,"Medium"
20,35,4,2,28,4,"Low"
14,7,1,2,2,4,"Low"
412,141,1,1,2,3,"High"
39,162,1,2,2,5,"Low"
421,250,1,1,1,6,"High"
98,57,6,2,2,5,"Medium"
58,94,1,1,1,4,"Low"
423,75,1,1,2,4,"High"
22,9,50,2,30,4,"Low"
406,144,119,1,1,4,"High"
56,10,2,2,3,5,"Low"
38,17,50,2,30,4,"Low"
34,110,38,2,2,5,"Low"
125,216,3,3,1,6,"Medium"
21,134,50,2,2,4,"Low"
79,182,1,2,2,4,"Medium"
249,502,2,1,1,2,"Medium"
351,36,1,2,2,4,"High"
361,168,4,1,1,2,"High"
8,17,3,5,2,10,"Low"
242,439,2,1,1,2,"Medium"
15,70,1,1,2,4,"Low"
395,114,2,1,2,2,"High"
197,32,7,4,2,13,"Medium"
21,60,1,2,1,4,"Low"
432,25,2,1,2,2,"High"
408,85,3,2,2,5,"High"
88,17,2,4,5,4,"Medium"
211,29,3,3,2,8,"Medium"
49,328,8,2,1,4,"Low"
329,138,3,1,1,2,"Medium"
37,127,10,1,2,4,"Low"
333,43,3,1,21,1,"Medium"
19,38,1,1,2,2,"Low"
63,78,1,1,1,3,"Low"
126,59,6,2,2,4,"Medium"
62,178,3,1,1,3,"Low"
429,226,1,1,1,4,"High"
107,116,3,2,3,4,"Medium"
42,81,1,1,2,4,"Low"
33,28,6,2,2,4,"Low"
59,121,10,2,2,4,"Low"
88,24,1,1,2,4,"Medium"
65,87,1,1,2,4,"Medium"
40,110,4,1,2,4,"Low"
17,59,1,1,2,2,"Low"
29,586,42,1,1,2,"Low"
79,29,42,1,1,2,"Medium"
312,1058,42,1,1,1,"Medium"
71,73,42,1,1,2,"Medium"
431,62,1,1,5,2,"High"
112,54,8,4,2,12,"Medium"
51,47,2,2,30,5,"Low"
113,95,2,2,3,4,"Medium"
102,36,1,3,3,6,"Medium"
385,106,1,1,2,4,"High"
27,131,1,1,3,3,"Low"
48,13,5,2,28,3,"Low"
107,105,2,3,3,5,"Medium"
423,12,50,3,30,8,"High"
270,44,2,5,3,10,"Medium"
420,6,3,2,31,4,"High"
390,88,10,2,1,6,"High"
73,7,3,1,2,2,"Medium"
390,168,10,2,1,6,"High"
295,174,4,6,1,11,"Medium"
36,95,1,2,2,5,"Low"
18,73,2,1,1,2,"Low"
52,35,2,2,1,5,"Low"
201,26,1,2,3,5,"Medium"
90,188,3,3,2,6,"Medium"
245,25,18,4,30,12,"Medium"
402,61,8,1,1,3,"High"
431,13,7,4,31,6,"High"
346,113,2,1,1,2,"High"
17,62,2,1,5,2,"Low"
177,55,4,3,2,6,"Medium"
173,104,1,2,3,5,"Medium"
326,140,7,1,1,2,"Medium"
412,50,3,1,1,2,"High"
428,298,1,1,2,3,"High"
14,42,2,1,3,2,"Low"
43,34,1,2,4,5,"Low"
413,224,1,1,1,3,"High"
92,13,8,2,2,5,"Medium"
18,41,1,1,2,2,"Low"
69,167,4,1,2,2,"Medium"
353,11,6,1,30,1,"High"
417,98,1,1,2,2,"High"
166,9,220,2,2,5,"Medium"
26,108,1,1,2,3,"Low"
202,128,3,2,2,5,"Medium"
102,52,1,2,2,5,"Medium"
322,50,2,1,20,2,"Medium"
417,28,50,1,30,4,"High"
410,190,1,1,1,4,"High"
394,175,10,2,31,6,"High"
413,53,1,1,2,3,"High"
433,28,1,1,1,4,"High"
410,130,1,1,2,2,"High"
39,104,1,2,2,4,"Low"
165,7,1,2,31,6,"Medium"
61,137,1,2,1,4,"Low"
85,36,60,1,2,4,"Medium"
104,116,5,2,2,5,"Medium"
113,8,119,2,1,5,"Medium"
13,141,3,1,1,5,"Low"
15,7,1,1,14,2,"Low"
395,11,7,1,31,2,"High"
30,319,1,1,1,4,"Low"
49,142,1,2,1,4,"Low"
107,114,5,1,1,4,"Medium"
97,204,5,1,1,2,"Medium"
135,12,5,1,1,2,"Medium"
428,2,7,1,2,2,"High"
73,3,7,1,2,3,"Medium"
13,1,5,2,10,4,"Low"
417,29,10,1,2,2,"High"
33,4,7,1,2,4,"Low"
420,186,1,1,2,4,"High"
111,20,8,2,1,4,"Medium"
384,84,1,1,4,4,"High"
92,130,1,2,2,6,"Medium"
395,12,2,1,3,2,"High"
23,68,3,1,2,4,"Low"
17,57,2,2,2,4,"Low"
273,6,1,2,2,4,"Medium"
420,52,1,1,2,2,"High"
279,64,1,1,1,2,"Medium"
135,186,2,3,2,5,"Medium"
412,77,1,1,1,2,"High"
429,50,1,1,1,2,"High"
135,122,22,2,1,5,"Medium"
410,1,3,2,30,8,"High"
13,14,7,2,31,3,"Low"
53,297,5,2,1,4,"Low"
292,54,1,1,1,2,"Medium"
22,21,1,1,3,3,"Low"
422,57,1,1,2,4,"High"
126,23,2,1,2,2,"Medium"
264,5,2,1,3,2,"Medium"
165,126,1,3,2,8,"Medium"
19,96,2,2,2,5,"Low"
334,36,8,6,4,16,"Medium"
13,93,2,1,1,4,"Low"
342,32,2,1,2,2,"High"
412,76,3,1,2,2,"High"
18,14,1,1,2,4,"Low"
378,8,1,1,30,2,"High"
395,44,1,2,1,2,"High"
93,449,3,1,1,2,"Medium"
144,89,3,1,1,2,"Medium"
227,1,2,1,3,2,"Medium"
387,78,1,1,1,2,"High"
309,81,6,3,2,6,"Medium"
394,181,10,2,31,6,"High"
413,204,119,1,1,5,"High"
373,30,1,1,2,2,"High"
433,6,1,1,3,2,"High"
43,5,12,1,1,2,"Low"
43,4,12,1,1,4,"Low"
433,94,12,1,1,2,"High"
433,16,12,1,1,2,"High"
433,3,12,1,1,2,"High"
433,3,12,1,1,2,"High"
19,5,12,1,1,4,"Low"
108,1,12,1,1,2,"Medium"
433,22,12,1,1,2,"High"
19,47,12,1,1,4,"Low"
92,86,1,2,2,5,"Medium"
415,254,8,1,1,2,"High"
412,29,7,1,15,3,"High"
403,252,1,1,1,2,"High"
428,262,1,1,1,2,"High"
165,293,4,4,1,8,"Medium"
346,110,3,1,2,2,"High"
204,46,1,2,2,4,"Medium"
19,3,4,3,30,5,"Low"
193,4,5,2,6,4,"Medium"
366,8,1,1,1,1,"High"
420,162,119,1,1,4,"High"
433,82,1,2,2,4,"High"
201,43,3,1,1,4,"Medium"
417,37,2,2,30,4,"High"
385,78,7,1,1,2,"High"
333,21,1,1,1,1,"Medium"
153,16,3,2,30,5,"Medium"
63,34,32,2,2,6,"Low"
63,30,32,2,2,6,"Low"
38,18,32,1,2,2,"Low"
428,2,32,1,30,4,"High"
412,94,1,1,30,2,"High"
91,51,2,2,3,6,"Medium"
395,31,5,2,1,4,"High"
57,9,1,2,30,4,"Low"
193,198,11,3,2,6,"Medium"
33,93,23,1,1,4,"Low"
20,120,1,1,1,4,"Low"
50,8,2,2,5,4,"Low"
387,2,2,2,10,4,"High"
420,69,1,1,1,2,"High"
60,51,1,1,5,2,"Low"
53,112,2,2,2,4,"Low"
178,8,1,1,2,2,"Medium"
425,6,5,1,30,2,"High"
73,134,4,2,1,4,"Medium"
420,2,2,1,31,2,"High"
14,66,1,1,3,4,"Low"
109,27,5,2,4,4,"Medium"
430,201,1,1,2,3,"High"
429,17,3,1,1,2,"High"
225,285,1,3,2,11,"Medium"
395,17,11,1,31,2,"High"
22,85,3,1,2,2,"Low"
412,51,1,1,5,2,"High"
86,37,2,1,3,4,"Medium"
63,1,32,2,30,6,"Low"
38,2,32,1,2,2,"Low"
63,8,32,2,2,6,"Low"
194,286,1,4,2,11,"Medium"
55,147,1,1,2,2,"Low"
47,20,4,2,2,5,"Low"
402,69,1,1,2,3,"High"
364,64,1,1,1,2,"High"
430,58,1,2,1,5,"High"
403,32,1,1,2,2,"High"
13,16,1,1,7,2,"Low"
378,135,3,1,1,2,"High"
375,25,1,2,2,4,"High"
71,40,2,1,3,2,"Medium"
57,119,1,2,2,4,"Low"
387,12,1,1,21,3,"High"
387,3,2,1,180,3,"High"
428,1,3,1,1,2,"High"
379,28,2,5,2,10,"High"
68,10,1,3,30,6,"Medium"
159,57,5,3,30,5,"Medium"
73,127,1,2,2,6,"Medium"
413,87,119,1,1,4,"High"
413,116,119,1,1,4,"High"
384,201,4,2,1,4,"High"
420,96,119,2,1,5,"High"
62,4,1,1,30,2,"Low"
387,129,1,1,1,3,"High"
78,54,2,1,2,4,"Medium"
58,97,1,2,2,4,"Low"
333,45,2,1,1,2,"Medium"
154,45,1,2,2,4,"Medium"
63,63,1,1,2,4,"Low"
189,33,23,2,1,4,"Medium"
68,11,1,1,2,2,"Medium"
73,68,2,1,7,4,"Medium"
63,36,32,2,2,6,"Low"
26,123,2,1,2,3,"Low"
38,29,1,2,2,5,"Low"
404,4,5,1,31,2,"High"
153,255,7,4,1,8,"Medium"
62,98,1,2,1,4,"Low"
4,5,1,5,3,10,"Low"
210,9,5,1,30,1,"Medium"
431,26,3,1,30,4,"High"
31,69,1,1,2,2,"Low"
429,103,3,1,1,2,"High"
431,165,1,1,2,3,"High"
16,99,1,1,3,2,"Low"
390,228,2,1,1,2,"High"
403,43,1,1,21,2,"High"
413,102,1,1,2,4,"High"
17,63,3,1,2,3,"Low"
18,23,1,1,31,1,"Low"
357,180,2,1,60,2,"High"
419,2,9,1,1,2,"High"
419,1,9,1,1,2,"High"
419,1,9,1,1,2,"High"
419,1,9,1,1,2,"High"
428,8,8,1,30,2,"High"
95,153,4,1,2,2,"Medium"
387,1,2,2,30,3,"High"
255,94,2,2,1,10,"Medium"
64,25,1,1,5,2,"Medium"
77,207,1,2,2,5,"Medium"
402,36,1,1,2,2,"High"
420,100,1,1,1,5,"High"
425,132,2,2,2,4,"High"
11,11,1,7,5,14,"Low"
14,59,2,1,3,2,"Low"
38,27,32,1,2,2,"Low"
402,149,3,1,2,3,"High"
422,69,1,1,3,4,"High"
189,58,1,2,2,5,"Medium"
412,12,1,1,5,3,"High"
431,71,2,1,2,2,"High"
38,4,32,1,2,2,"Low"
38,2,32,1,2,2,"Low"
312,3,3,1,30,2,"Medium"
428,9,2,1,4,2,"High"
88,16,1,2,7,5,"Medium"
93,8,4,1,14,2,"Medium"
387,67,1,1,1,1,"High"
33,87,5,2,2,5,"Low"
68,124,10,3,1,6,"Medium"
47,61,1,2,3,4,"Low"
53,46,1,2,5,4,"Low"
415,58,2,1,2,2,"High"
394,43,1,1,1,2,"High"
48,201,1,2,1,4,"Low"
398,43,1,1,3,4,"High"
39,111,1,1,3,2,"Low"
13,66,2,1,1,4,"Low"
63,13,1,2,25,4,"Low"
403,8,1,1,28,2,"High"
210,4,5,1,30,1,"Medium"
147,18,5,2,2,4,"Medium"
378,17,4,1,2,1,"High"
130,42,3,2,2,5,"Medium"
312,1,2,2,31,2,"Medium"
361,34,4,1,2,1,"High"
385,35,4,1,2,2,"High"
429,43,1,1,1,2,"High"
330,32,2,3,2,8,"Medium"
102,36,2,2,30,5,"Medium"
395,10,2,1,14,2,"High"
190,54,8,3,2,7,"Medium"
105,92,1,1,1,3,"Medium"
63,35,32,2,2,6,"Low"
63,3,32,2,30,6,"Low"
63,22,32,2,2,6,"Low"
63,26,32,2,2,6,"Low"
38,12,32,1,2,2,"Low"
412,88,2,1,1,4,"High"
388,9,2,2,2,4,"High"
81,52,2,2,3,4,"Medium"
404,6,1,1,2,2,"High"
428,175,2,1,1,2,"High"
26,64,1,1,3,4,"Low"
421,12,3,1,1,3,"High"
292,164,2,1,1,2,"Medium"
28,1,4,2,20,4,"Low"
68,11,3,2,5,2,"Medium"
421,231,5,1,1,2,"High"
63,64,1,3,2,7,"Low"
110,248,3,3,1,8,"Medium"
342,45,1,1,1,2,"High"
145,173,1,4,2,10,"Medium"
72,32,2,1,2,3,"Medium"
383,198,2,1,2,2,"High"
54,89,1,1,5,2,"Low"
410,124,1,1,1,3,"High"
404,104,1,1,1,3,"High"
38,4,4,1,1,2,"Low"
38,15,3,2,2,4,"Low"
410,31,4,1,2,2,"High"
413,48,4,1,2,2,"High"
384,8,4,1,30,2,"High"
38,12,4,1,1,2,"Low"
38,6,4,1,1,2,"Low"
38,1,4,1,1,2,"Low"
420,8,1,1,30,2,"High"
112,33,1,2,2,4,"Medium"
18,8,49,2,31,4,"Low"
410,152,1,1,1,4,"High"
28,193,2,2,1,5,"Low"
18,184,2,2,1,5,"Low"
42,99,119,1,1,4,"Low"
433,24,4,1,30,2,"High"
20,190,4,1,1,2,"Low"
18,53,1,2,5,3,"Low"
403,8,5,1,31,2,"High"
398,10,10,2,30,4,"High"
366,23,2,1,1,1,"High"
48,75,1,1,2,2,"Low"
202,301,12,3,1,6,"Medium"
37,85,10,2,2,5,"Low"
87,48,2,2,5,4,"Medium"
378,116,2,1,2,2,"High"
75,66,1,1,5,4,"Medium"
390,61,119,1,1,2,"High"
351,3,119,1,31,2,"High"
16,90,3,1,2,3,"Low"
40,12,1,1,1,1,"Low"
333,12,7,1,30,2,"Medium"
42,9,4,2,31,6,"Low"
424,9,7,7,1,15,"High"
10,17,7,9,1,16,"Low"
34,60,4,1,2,4,"Low"
63,100,1,1,1,2,"Low"
402,196,1,1,1,2,"High"
392,2,2,2,30,4,"High"
421,91,2,1,1,4,"High"
404,28,1,1,2,2,"High"
228,17,1,2,2,5,"Medium"
170,163,1,4,2,10,"Medium"
118,21,8,2,7,3,"Medium"
24,241,9,1,1,2,"Low"
49,137,1,2,2,4,"Low"
36,57,1,1,1,3,"Low"
395,2,5,1,30,2,"High"
146,55,2,2,1,5,"Medium"
17,165,1,1,1,2,"Low"
32,65,2,1,1,4,"Low"
409,190,3,2,1,4,"High"
333,18,7,1,10,1,"Medium"
403,8,50,1,30,2,"High"
13,56,2,1,2,4,"Low"
351,24,5,1,2,2,"High"
412,19,3,1,2,2,"High"
391,12,4,1,2,2,"High"
72,8,36,1,1,2,"Medium"
412,5,2,1,30,2,"High"
204,4,6,1,2,2,"Medium"
402,4,2,1,30,2,"High"
110,38,1,2,5,4,"Medium"
387,83,4,1,1,2,"High"
404,41,4,1,1,2,"High"
96,56,3,3,3,8,"Medium"
93,4,97,1,30,4,"Medium"
113,11,3,2,4,5,"Medium"
420,3,1,1,30,3,"High"
116,23,1,2,4,4,"Medium"
35,8,5,2,60,4,"Low"
23,4,1,1,3,2,"Low"
93,12,1,2,5,5,"Medium"
400,23,2,3,3,5,"High"
22,61,36,1,1,2,"Low"
92,4,36,1,1,4,"Medium"
183,6,36,1,1,6,"Medium"
312,10,36,1,1,1,"Medium"
412,74,1,1,1,4,"High"
332,1,36,1,1,16,"Medium"
312,58,19,1,1,2,"Medium"
201,42,3,2,4,5,"Medium"
48,25,3,1,2,2,"Low"
287,10,2,1,30,1,"Medium"
21,59,1,1,2,4,"Low"
287,10,2,1,30,1,"Medium"
44,136,1,1,3,4,"Low"
71,28,1,1,2,2,"Medium"
15,54,1,1,2,3,"Low"
42,13,50,2,30,4,"Low"
415,61,4,1,1,4,"High"
34,198,1,2,2,4,"Low"
415,83,2,1,2,2,"High"
77,83,3,3,2,6,"Medium"
204,39,1,2,2,4,"Medium"
14,65,2,1,3,4,"Low"
140,15,7,1,1,4,"Medium"
227,7,8,1,30,1,"Medium"
27,199,2,1,1,4,"Low"
76,36,1,2,2,4,"Medium"
58,255,5,2,1,4,"Low"
404,148,1,1,30,3,"High"
39,96,4,1,2,3,"Low"
404,1,5,1,30,2,"High"
387,9,1,1,30,2,"High"
395,12,1,1,30,1,"High"
19,177,2,1,2,4,"Low"
421,89,1,2,1,5,"High"
248,2,2,2,3,6,"Medium"
52,16,36,1,1,2,"Low"
398,161,2,1,1,2,"High"
45,27,2,1,2,4,"Low"
384,92,7,1,1,2,"High"
385,63,7,1,1,2,"High"
21,145,2,2,4,4,"Low"
385,157,1,1,2,4,"High"
378,7,5,1,30,4,"High"
387,3,5,2,30,8,"High"
147,2,2,2,2,4,"Medium"
16,14,2,1,21,3,"Low"
26,101,1,2,1,4,"Low"
43,125,1,1,2,3,"Low"
312,5,7,1,30,1,"Medium"
63,5,1,2,30,4,"Low"
414,69,3,1,1,2,"High"
406,28,2,2,2,4,"High"
383,11,16,1,30,2,"High"
42,6,4,2,14,4,"Low"
13,2,1,1,1,4,"Low"
40,46,1,1,1,4,"Low"
62,4,2,3,3,8,"Low"
53,24,2,2,2,4,"Low"
312,80,19,1,1,2,"Medium"
179,7,2,2,1,5,"Medium"
42,9,3,2,31,4,"Low"
231,14,3,2,2,5,"Medium"
61,63,2,1,5,3,"Low"
423,91,1,1,1,2,"High"
387,4,5,1,30,2,"High"
431,9,2,1,31,3,"High"
292,1,1,1,93,1,"Medium"
89,74,1,1,2,4,"Medium"
13,139,6,2,1,4,"Low"
412,32,1,1,3,2,"High"
83,2,2,1,120,3,"Medium"
312,6,3,1,3,4,"Medium"
57,32,220,2,2,5,"Low"
40,51,220,1,2,2,"Low"
420,7,5,2,31,4,"High"
92,6,3,4,30,6,"Medium"
401,41,97,1,1,4,"High"
118,10,504,3,2,6,"Medium"
132,108,1,2,2,5,"Medium"
58,55,1,2,3,4,"Low"
63,64,1,2,2,5,"Low"
228,24,4,2,3,4,"Medium"
305,9,6,1,30,1,"Medium"
70,17,504,2,1,4,"Medium"
329,22,19,1,1,2,"Medium"
183,31,2,3,3,6,"Medium"
48,10,2,2,31,4,"Low"
13,47,6,1,1,2,"Low"
312,2,2,1,1,1,"Medium"
53,7,10,3,30,8,"Low"
426,26,504,8,2,16,"High"
55,95,6,1,2,4,"Low"
40,142,7,2,1,5,"Low"
25,75,6,1,1,2,"Low"
38,4,32,1,30,4,"Low"
387,63,1,1,2,2,"High"
38,48,1,2,2,4,"Low"
140,15,1,3,5,5,"Medium"
125,11,4,2,30,5,"Medium"
83,3,1,1,30,2,"Medium"
307,47,220,2,2,5,"Medium"
181,55,50,3,2,6,"Medium"
179,192,16,4,1,8,"Medium"
160,172,16,4,1,8,"Medium"
19,20,2,1,2,4,"Low"
199,49,3,4,1,8,"Medium"
39,161,16,2,1,4,"Low"
66,240,16,2,1,4,"Medium"
333,98,1,1,2,2,"Medium"
24,125,1,1,3,4,"Low"
395,1,1,2,30,2,"High"
22,11,3,1,30,2,"Low"
140,30,3,2,2,6,"Medium"
63,20,1,2,3,4,"Low"
82,72,22,4,3,6,"Medium"
135,138,12,1,2,4,"Medium"
415,154,2,1,1,2,"High"
102,8,3,2,14,4,"Medium"
38,81,4,1,3,3,"Low"
39,102,1,1,1,2,"Low"
63,54,1,1,1,4,"Low"
406,9,14,1,31,2,"High"
15,6,5,1,30,2,"Low"
425,38,6,1,1,2,"High"
118,193,16,3,1,6,"Medium"
36,65,2,1,2,2,"Low"
333,4,2,1,60,2,"Medium"
404,4,5,1,5,2,"High"
387,19,2,1,30,4,"High"
182,210,9,4,1,8,"Medium"
394,85,2,1,2,2,"High"
43,23,1,1,2,2,"Low"
386,29,1,5,3,12,"High"
366,6,7,1,30,2,"High"
220,164,12,4,1,8,"Medium"
163,172,12,3,1,6,"Medium"
414,3,16,1,30,2,"High"
83,4,2,2,30,4,"Medium"
238,4,2,2,30,6,"Medium"
431,180,16,1,2,4,"High"
402,49,7,1,2,4,"High"
16,34,1,1,4,2,"Low"
402,89,2,1,2,2,"High"
420,84,2,1,2,2,"High"
428,1,5,2,30,4,"High"
408,49,97,1,1,5,"High"
45,1,6637,1,1,4,"Low"
395,5,3,1,30,3,"High"
42,63,14,1,1,2,"Low"
109,80,6,2,2,5,"Medium"
88,7,5,3,30,6,"Medium"
104,45,2,2,2,5,"Medium"
140,29,2,2,2,6,"Medium"
38,20,3,1,10,4,"Low"
41,56,2,1,2,2,"Low"
333,8,2,1,60,2,"Medium"
60,57,220,2,3,4,"Low"
361,57,3,1,1,2,"High"
433,64,1,1,2,2,"High"
56,6,4,2,20,4,"Low"
23,8,3,3,2,4,"Low"
313,4,2,4,5,6,"Medium"
25,54,1,1,2,4,"Low"
433,71,2,1,1,2,"High"
28,275,6,1,1,2,"Low"
27,27,5,2,2,6,"Low"
58,165,1,1,1,2,"Low"
47,5,3,4,31,8,"Low"
387,7,2,1,2,2,"High"
247,2,220,2,3,5,"Medium"
433,6,4,1,30,2,"High"
19,31,2,2,2,4,"Low"
18,130,119,1,1,4,"Low"
99,32,3,1,2,3,"Medium"
373,63,3,1,1,2,"High"
412,7,3,1,2,1,"High"
86,14,1,4,31,8,"Medium"
44,29,23,1,1,2,"Low"
429,71,1,1,2,3,"High"
412,3,1,1,2,3,"High"
16,64,6,1,1,3,"Low"
77,199,6,2,1,4,"Medium"
16,56,1,2,4,4,"Low"
72,76,1,2,2,4,"Medium"
94,41,6,2,2,5,"Medium"
46,146,3,3,2,6,"Low"
93,32,2,2,1,5,"Medium"
410,136,1,1,1,2,"High"
15,111,1,1,1,2,"Low"
76,68,1,2,2,4,"Medium"
14,7,7,1,30,2,"Low"
73,26,1,1,2,2,"Medium"
39,123,2,2,1,4,"Low"
62,131,7,1,1,2,"Low"
88,5,2,1,1,2,"Medium"
428,35,2,1,1,2,"High"
106,5,8,2,30,4,"Medium"
422,78,6,1,2,2,"High"
425,105,4,1,2,2,"High"
20,32,3,1,1,4,"Low"
395,7,1,1,30,3,"High"
132,109,12,1,2,4,"Medium"
417,9,50,1,30,2,"High"
251,42,504,2,1,4,"Medium"
300,4,2,4,25,7,"Medium"
138,18,3,1,2,4,"Medium"
420,56,2,1,2,2,"High"
23,83,1,2,2,4,"Low"
157,20,1,2,3,5,"Medium"
428,1,4,3,30,4,"High"
15,176,9,1,1,2,"Low"
69,216,9,2,1,6,"Medium"
420,139,1,1,1,4,"High"
392,9,1,1,30,2,"High"
112,58,2,2,2,5,"Medium"
421,114,3,2,2,5,"High"
63,141,7,1,1,2,"Low"
404,5,1,1,30,2,"High"
211,5,2,2,30,4,"Medium"
404,4,10,2,90,5,"High"
97,31,5,2,28,5,"Medium"
23,6,2,1,31,3,"Low"
109,4,2,5,90,10,"Medium"
385,78,1,1,1,4,"High"
129,146,1,4,2,8,"Medium"
279,14,2,1,25,2,"Medium"
31,34,5,2,1,3,"Low"
33,7,6,2,31,4,"Low"
18,29,1,1,2,4,"Low"
40,61,1,1,2,2,"Low"
49,9,4,2,30,4,"Low"
60,5,1,2,2,2,"Low"
431,6,1,2,30,5,"High"
214,125,3,4,1,10,"Medium"
56,122,1,2,1,6,"Low"
92,8,4,3,30,7,"Medium"
428,72,1,1,1,3,"High"
63,5,2,2,3,4,"Low"
390,147,119,1,1,2,"High"
73,8,3,1,2,4,"Medium"
36,91,7,1,1,2,"Low"
369,53,1,1,2,3,"High"
297,18,9,1,28,2,"Medium"
80,68,3,2,2,5,"Medium"
109,69,1,2,2,6,"Medium"
159,8,3,2,5,5,"Medium"
394,46,6,1,2,2,"High"
189,13,4,1,2,4,"Medium"
383,120,7,1,1,2,"High"
333,36,9,1,1,2,"Medium"
35,5,1,1,2,4,"Low"
62,65,7,2,1,2,"Low"
63,2,2,3,30,6,"Low"
19,84,1,1,2,2,"Low"
379,5,1,2,5,6,"High"
13,4,49,1,31,2,"Low"
39,79,1,1,2,3,"Low"
16,78,1,1,2,4,"Low"
55,11,11,1,1,2,"Low"
395,10,3,2,31,4,"High"
48,50,23,1,1,4,"Low"
423,1,3,1,31,2,"High"
43,3,1,1,30,2,"Low"
24,42,220,1,2,4,"Low"
294,5,2,2,3,4,"Medium"
14,32,5,1,5,3,"Low"
50,39,6,2,2,4,"Low"
420,42,3,1,2,3,"High"
428,74,115,2,1,4,"High"
364,8,1,1,30,4,"High"
433,242,6,2,1,4,"High"
60,4,1,2,3,4,"Low"
33,34,6,2,2,4,"Low"
13,34,2,1,2,2,"Low"
57,69,1,2,2,3,"Low"
19,168,9,1,1,2,"Low"
333,3,2,1,30,2,"Medium"
342,48,6,1,2,2,"High"
353,43,6,1,3,2,"High"
308,54,6,1,3,1,"Medium"
33,3,4,1,2,2,"Low"
71,124,1,2,1,5,"Medium"
149,10,3,3,2,5,"Medium"
111,17,5,2,2,4,"Medium"
412,4,2,1,3,2,"High"
388,4,2,6,4,16,"High"
54,74,1,1,3,2,"Low"
26,76,1,1,1,4,"Low"
378,5,14,1,31,3,"High"
131,72,12,1,2,5,"Medium"
366,2,2,1,30,2,"High"
28,7,2,1,2,4,"Low"
116,2,1,2,14,6,"Medium"
378,4,4,1,30,2,"High"
154,9,1,3,3,6,"Medium"
351,12,9,1,1,2,"High"
232,75,12,3,1,6,"Medium"
55,158,12,1,1,4,"Low"
140,133,1,3,2,6,"Medium"
156,133,2,3,2,8,"Medium"
104,85,1,3,3,6,"Medium"
150,63,1,2,3,5,"Medium"
181,75,4,2,2,4,"Medium"
109,24,2,1,2,2,"Medium"
50,3,3,3,28,5,"Low"
433,3,1,1,30,4,"High"
116,10,4,2,31,4,"Medium"
151,4,3,2,2,4,"Medium"
59,7,5,3,2,10,"Low"
210,2,5,1,30,1,"Medium"
413,138,3,2,1,4,"High"
25,8,1,1,2,4,"Low"
412,259,6,1,1,2,"High"
431,27,1,1,2,2,"High"
104,28,9,2,1,6,"Medium"
412,8,1,2,30,4,"High"
267,18,1,1,2,4,"Medium"
145,116,3,3,1,6,"Medium"
375,13,3,1,1,2,"High"
28,26,2,1,1,2,"Low"
312,2,7,1,30,1,"Medium"
403,208,1,1,1,2,"High"
40,9,3,1,31,2,"Low"
72,104,3,2,2,5,"Medium"
428,7,1,1,30,2,"High"
433,34,11,1,1,2,"High"
29,98,1,1,2,4,"Low"
83,50,2,2,5,4,"Medium"
21,171,9,1,1,2,"Low"
428,49,1,1,1,4,"High"
43,2,1,3,30,4,"Low"
253,107,1,5,2,12,"Medium"
56,48,1,1,2,3,"Low"
112,93,1,1,1,4,"Medium"
357,80,3,1,2,2,"High"
106,40,4,2,2,6,"Medium"
37,103,1,2,2,4,"Low"
45,73,2,1,2,3,"Low"
72,56,8,2,1,5,"Medium"
185,26,220,4,3,8,"Medium"
104,4,1,3,30,5,"Medium"
98,20,1,2,2,5,"Medium"
92,67,49,2,1,5,"Medium"
418,41,12,7,1,14,"High"
310,12,12,4,1,9,"Medium"
129,46,1,2,2,5,"Medium"
85,137,1,1,1,2,"Medium"
36,4,3,2,30,4,"Low"
63,11,1,2,2,5,"Low"
89,36,10,2,2,5,"Medium"
6,6,1,4,1,10,"Low"
19,13,2,2,2,4,"Low"
136,74,12,1,2,5,"Medium"
284,1,3,2,2,4,"Medium"
55,35,1,1,2,2,"Low"
417,10,3,1,5,3,"High"
395,30,1,1,2,2,"High"
414,25,2,1,2,2,"High"
353,7,1,2,30,4,"High"
124,45,1,2,2,5,"Medium"
100,30,3,1,2,4,"Medium"
75,178,1,1,1,2,"Medium"
63,4,2,2,3,4,"Low"
338,122,7,1,1,1,"High"
312,78,7,1,30,1,"Medium"
247,35,2,2,4,5,"Medium"
430,73,1,1,2,2,"High"
63,1,1,1,30,4,"Low"
360,3,16,4,4,8,"High"
423,108,1,1,2,4,"High"
76,69,3,2,1,4,"Medium"
48,44,1,2,3,5,"Low"
413,74,2,1,1,4,"High"
38,155,1,2,1,5,"Low"
425,15,1,1,1,2,"High"
13,21,1,1,2,2,"Low"
422,48,1,1,2,2,"High"
263,98,2,4,1,12,"Medium"
429,8,1,1,3,3,"High"
365,59,4,8,1,16,"High"
63,5,49,4,31,6,"Low"
15,4,10,2,30,4,"Low"
38,8,1,3,30,6,"Low"
78,47,1,3,2,6,"Medium"
125,86,1,2,2,6,"Medium"
62,88,2,3,2,5,"Low"
409,1,6,2,60,2,"High"
408,129,8,1,1,2,"High"
31,77,49,2,1,3,"Low"
44,3,2,1,30,4,"Low"
47,225,13,1,1,2,"Low"
47,21,13,1,1,2,"Low"
308,4,13,1,1,1,"Medium"
308,26,13,1,1,1,"Medium"
308,82,13,1,1,1,"Medium"
279,13,13,1,1,1,"Medium"
279,6,13,1,1,1,"Medium"
279,127,13,1,1,1,"Medium"
279,17,13,1,1,1,"Medium"
72,74,1,1,2,4,"Medium"
129,32,3,1,2,4,"Medium"
47,46,13,1,1,2,"Low"
47,6,13,1,1,2,"Low"
191,80,11,2,2,5,"Medium"
403,81,3,1,1,4,"High"
161,29,1,2,2,5,"Medium"
41,23,1,2,30,4,"Low"
29,88,1,1,2,4,"Low"
423,50,1,2,1,5,"High"
357,5,10,1,1,2,"High"
240,16,220,4,2,10,"Medium"
413,37,1,1,2,4,"High"
101,98,7,2,1,4,"Medium"
140,45,2,3,2,6,"Medium"
384,2,16,1,30,2,"High"
421,86,3,1,1,2,"High"
65,59,5,1,2,2,"Medium"
357,3,3,1,30,3,"High"
417,85,1,1,1,2,"High"
429,3,1,1,2,2,"High"
364,2,2,1,30,2,"High"
92,13,1,2,2,5,"Medium"
83,74,3,3,2,6,"Medium"
79,36,1,1,2,3,"Medium"
59,39,5,1,2,2,"Low"
111,108,1,1,2,3,"Medium"
412,6,2,2,30,6,"High"
135,12,2,1,4,4,"Medium"
412,1,3,2,30,2,"High"
272,1,5,1,30,2,"Medium"
413,102,3,2,1,4,"High"
38,2,2,1,90,2,"Low"
27,56,2,1,1,3,"Low"
199,167,4,1,1,6,"Medium"
62,61,1,2,2,5,"Low"
32,2,14,2,31,4,"Low"
156,5,1,2,1,6,"Medium"
20,122,9,1,1,2,"Low"
108,11,1,2,3,5,"Medium"
68,71,4,2,2,6,"Medium"
198,41,18,2,2,5,"Medium"
211,5,2,4,3,6,"Medium"
34,79,5,2,2,4,"Low"
23,3,2,3,31,5,"Low"
43,139,7,1,2,2,"Low"
41,16,2,2,3,4,"Low"
161,19,3,2,30,4,"Medium"
378,42,1,1,1,2,"High"
381,41,1,1,2,2,"High"
417,174,1,1,1,4,"High"
420,155,1,2,1,5,"High"
131,7,2,2,2,6,"Medium"
71,27,7,2,2,4,"Medium"
67,9,1,2,4,4,"Medium"
51,27,220,1,3,2,"Low"
93,9,1,1,3,4,"Medium"
44,59,4,2,2,4,"Low"
62,5,36,1,1,2,"Low"
43,6,2,2,30,4,"Low"
38,51,3,1,2,2,"Low"
62,3,36,1,1,2,"Low"
113,56,2,1,1,3,"Medium"
62,50,1,2,1,4,"Low"
402,4,1,1,30,2,"High"
390,65,2,1,1,2,"High"
140,55,4,3,2,9,"Medium"
13,39,4,1,2,3,"Low"
154,45,1,4,2,4,"Medium"
63,4,2,3,31,5,"Low"
88,140,9,2,1,6,"Medium"
98,5,2,2,6,4,"Medium"
428,48,1,1,1,3,"High"
162,6,1,2,3,6,"Medium"
21,9,2,1,2,2,"Low"
112,54,2,2,4,5,"Medium"
288,41,6,4,2,10,"Medium"
42,4,3,1,1,4,"Low"
387,13,2,1,3,3,"High"
86,34,1,1,10,2,"Medium"
50,149,2,2,1,4,"Low"
43,10,3,1,30,4,"Low"
361,81,3,1,2,2,"High"
86,55,2,2,2,5,"Medium"
27,23,220,1,2,2,"Low"
50,44,1,1,2,2,"Low"
27,58,1,1,2,4,"Low"
38,42,3,1,2,2,"Low"
44,61,2,1,2,2,"Low"
40,95,2,1,1,3,"Low"
17,123,12,1,1,3,"Low"
231,33,49,2,1,4,"Medium"
78,24,2,3,1,6,"Medium"
259,40,1,4,2,9,"Medium"
395,8,2,1,28,2,"High"
358,25,1,5,2,10,"High"
63,3,49,2,30,4,"Low"
33,55,2,1,1,4,"Low"
113,20,1,2,2,5,"Medium"
408,47,1,1,2,4,"High"
339,48,2,4,2,10,"High"
431,54,1,1,2,4,"High"
102,18,4,1,3,2,"Medium"
120,43,4,2,1,4,"Medium"
158,41,23,2,1,4,"Medium"
109,37,2,2,2,5,"Medium"
409,18,1,1,2,2,"High"
66,68,117,2,2,6,"Medium"
385,23,10,1,3,2,"High"
378,47,4,1,2,2,"High"
27,113,97,2,1,6,"Low"
420,2,9,2,30,3,"High"
19,4,8,1,30,4,"Low"
95,2,17,2,30,5,"Medium"
140,12,1,2,2,4,"Medium"
355,142,2,1,1,2,"High"
395,4,9,1,30,3,"High"
421,3,5,3,31,5,"High"
406,51,3,1,2,2,"High"
142,62,12,1,2,4,"Medium"
131,17,1,1,3,4,"Medium"
35,36,9,1,2,2,"Low"
187,8,220,3,2,7,"Medium"
42,28,1,1,2,3,"Low"
428,23,2,2,1,6,"High"
278,36,2,3,2,7,"Medium"
48,60,1,1,2,2,"Low"
43,31,2,1,2,4,"Low"
137,4,8,4,30,6,"Medium"
134,33,3,1,3,2,"Medium"
38,4,7,1,30,2,"Low"
373,37,2,1,2,2,"High"
63,30,2,1,2,2,"Low"
428,28,2,1,2,4,"High"
417,73,1,1,2,2,"High"
267,2,1,5,30,10,"Medium"
36,157,7,1,1,2,"Low"
38,115,7,1,1,2,"Low"
36,79,8,1,1,2,"Low"
52,9,7,1,3,2,"Low"
373,92,2,1,1,3,"High"
406,43,1,1,1,2,"High"
63,15,4,2,2,5,"Low"
107,32,2,1,2,4,"Medium"
33,16,2,1,3,2,"Low"
69,5,8,1,30,3,"Medium"
329,1,3,1,30,2,"Medium"
53,10,1,1,2,2,"Low"
16,70,5,1,1,2,"Low"
75,1,6,4,31,8,"Medium"
401,83,1,1,1,3,"High"
110,34,1,1,2,4,"Medium"
420,6,1,1,30,2,"High"
361,24,2,1,3,2,"High"
90,2,1,2,5,8,"Medium"
312,4,6,1,31,1,"Medium"
15,8,4,1,4,4,"Low"
69,3,4,1,4,2,"Medium"
48,49,1,2,3,5,"Low"
420,31,3,1,1,2,"High"
53,1,1,2,1,3,"Low"
182,16,1,3,2,6,"Medium"
83,54,17,1,1,4,"Medium"
420,4,1,1,30,4,"High"
265,30,4,3,1,5,"Medium"
395,18,1,1,1,2,"High"
39,49,1,2,2,4,"Low"
401,4,1,1,30,2,"High"
30,55,1,1,1,4,"Low"
96,64,1,2,28,4,"Medium"
49,1,1,1,4,4,"Low"
165,4,1,3,2,7,"Medium"
62,29,1,1,2,4,"Low"
410,19,2,1,1,2,"High"
20,22,2,1,4,4,"Low"
48,4,4,2,31,4,"Low"
45,9,1,1,2,3,"Low"
49,83,2,1,1,2,"Low"
154,26,1459,2,3,5,"Medium"
391,108,1,1,2,2,"High"
406,1,4,1,14,2,"High"
366,26,5,1,1,3,"High"
414,70,1,1,3,2,"High"
425,24,1,1,1,2,"High"
425,62,1,1,2,2,"High"
428,20,1,1,5,2,"High"
40,74,3,2,1,5,"Low"
287,104,2,1,1,2,"Medium"
43,12,1,2,2,4,"Low"
252,100,3,4,2,8,"Medium"
125,88,3,4,2,8,"Medium"
427,24,3,8,2,16,"High"
243,5,3,4,30,9,"Medium"
415,24,2,2,2,4,"High"
239,15,1,1,30,3,"Medium"
410,4,14,2,31,3,"High"
104,3,3,3,30,6,"Medium"
392,56,1,1,2,2,"High"
62,6,3,3,7,9,"Low"
415,78,1,1,1,4,"High"
33,3,1,2,31,4,"Low"
412,11,1,1,3,2,"High"
60,55,1,1,1,4,"Low"
29,47,1,1,2,3,"Low"
46,91,3,1,3,4,"Low"
211,4,2,2,3,4,"Medium"
413,11,3,1,2,4,"High"
150,41,10,2,2,6,"Medium"
391,54,119,1,1,5,"High"
261,20,2,3,3,6,"Medium"
312,116,1,1,1,2,"Medium"
28,2,2,2,30,4,"Low"
342,11,1,1,1,2,"High"
36,39,3,3,2,6,"Low"
53,26,2,2,1,4,"Low"
33,36,4,1,2,2,"Low"
13,69,5,1,1,4,"Low"
20,126,12,1,1,2,"Low"
72,143,2,2,1,4,"Medium"
284,68,2,5,2,10,"Medium"
412,2,49,1,30,3,"High"
433,106,1,1,1,2,"High"
314,64,2,6,1,12,"Medium"
88,84,1,1,1,4,"Medium"
33,12,4,2,2,4,"Low"
404,2,1896,1,30,2,"High"
404,2,1896,1,30,2,"High"
35,2,1896,2,30,4,"Low"
23,3,1,1,1,3,"Low"
73,2,1,2,4,5,"Medium"
43,6,3,2,31,4,"Low"
15,162,5,1,1,4,"Low"
93,15,3,1,5,4,"Medium"
422,19,1,1,2,2,"High"
26,9,5,2,2,6,"Low"
14,34,1,1,2,2,"Low"
414,67,3,1,2,5,"High"
81,7,220,1,1,4,"Medium"
81,5,220,1,1,3,"Medium"
104,4,220,1,1,2,"Medium"
81,5,220,1,1,3,"Medium"
81,4,220,1,1,4,"Medium"
81,6,220,1,1,3,"Medium"
104,7,220,1,1,3,"Medium"
81,10,220,1,1,2,"Medium"
81,6,220,1,1,2,"Medium"
126,13,220,1,1,5,"Medium"
72,15,1,2,2,4,"Medium"
81,2,220,1,1,2,"Medium"
284,12,2,4,3,8,"Medium"
35,2,7,2,30,4,"Low"
24,2,1896,1,30,2,"Low"
38,4,1896,2,30,4,"Low"
84,41,1,1,2,4,"Medium"
83,1,1,2,30,4,"Medium"
16,30,2,1,2,4,"Low"
31,64,2,2,1,4,"Low"
268,16,3,6,2,12,"Medium"
48,21,2,2,2,6,"Low"
169,33,1,1,1,2,"Medium"
90,34,1,2,1,6,"Medium"
145,1,3,3,31,5,"Medium"
364,1,10,1,1,2,"High"
42,49,1,1,3,2,"Low"
45,1,3,2,30,4,"Low"
78,56,5,2,1,5,"Medium"
23,12,2,1,2,3,"Low"
428,1,2,1,30,2,"High"
104,3,1,4,31,8,"Medium"
93,5,1,2,3,3,"Medium"
398,5,2,1,30,2,"High"
61,60,3,1,2,4,"Low"
140,39,2,1,2,4,"Medium"
38,23,1,1,2,3,"Low"
13,10,1,1,2,4,"Low"
433,41,2,1,3,2,"High"
294,68,1,3,2,8,"Medium"
109,4,2,2,3,5,"Medium"
16,1,1,2,2,4,"Low"
22,1,2,2,1,4,"Low"
35,8,3,1,3,2,"Low"
189,35,49,2,1,6,"Medium"
117,24,140,1,30,2,"Medium"
197,40,2,2,2,4,"Medium"
385,1,1896,2,30,4,"High"
21,13,1,1,1,4,"Low"
375,24,3,1,1,1,"High"
402,2,1896,1,30,2,"High"
391,3,1,1,1,2,"High"
63,14,1,1,2,4,"Low"
398,2,1896,1,30,2,"High"
431,49,1,1,2,2,"High"
428,2,1,3,30,5,"High"
23,42,1,1,1,4,"Low"
165,1,7,1,1,3,"Medium"
428,4,4,1,1,3,"High"
82,25,2,2,2,4,"Medium"
13,2,3,2,1,5,"Low"
387,8,1,1,2,1,"High"
109,9,2,1,3,3,"Medium"
85,24,220,2,3,4,"Medium"
403,3,2,1,30,2,"High"
415,4,20,1,1,1,"High"
394,3,1896,1,30,2,"High"
27,56,1,1,1,6,"Low"
423,110,2,2,1,5,"High"
63,1,1,2,2,3,"Low"
421,36,4,1,1,2,"High"
13,19,2,1,2,2,"Low"
412,25,1,1,2,2,"High"
13,3,2,1,2,3,"Low"
109,25,1,1,2,3,"Medium"
31,32,49,2,1,4,"Low"
428,17,1,1,1,2,"High"
38,1,1,2,31,3,"Low"
329,2,4,1,1,2,"Medium"
95,25,1,2,2,4,"Medium"
32,27,1,2,2,5,"Low"
84,25,3,2,2,6,"Medium"
143,48,4,3,1,7,"Medium"
157,7,722,2,2,6,"Medium"
13,7,1,1,1,4,"Low"
13,1,7,2,31,3,"Low"
33,7,1,1,30,4,"Low"
420,16,1,1,2,3,"High"
394,16,1,1,3,2,"High"
93,2,864,1,30,2,"Medium"
161,9,95,1,1,3,"Medium"
101,12,95,1,1,3,"Medium"
94,12,95,1,1,3,"Medium"
121,10,95,1,1,3,"Medium"
31,39,3,1,2,4,"Low"
59,38,2,2,3,3,"Low"
315,6,722,3,2,6,"Medium"
81,16,1,2,3,6,"Medium"
98,100,1,3,2,6,"Medium"
425,38,2,1,3,2,"High"
413,78,119,1,1,4,"High"
28,6,1,2,3,4,"Low"
26,47,6,1,1,4,"Low"
22,20,30,2,2,4,"Low"
421,37,5,1,1,4,"High"
13,40,1,1,3,2,"Low"
43,53,3,2,2,4,"Low"
39,7,3,2,30,4,"Low"
433,3,14,1,30,2,"High"
93,2,864,1,30,2,"Medium"
26,25,2,1,3,2,"Low"
404,7,1,2,2,5,"High"
38,10,1,2,3,6,"Low"
333,41,2,1,1,1,"Medium"
130,52,1,3,2,6,"Medium"
91,36,3,2,4,5,"Medium"
97,16,2,2,2,5,"Medium"
287,1,1,2,30,2,"Medium"
384,166,1,1,1,2,"High"
33,18,6,1,1,2,"Low"
27,54,6,2,1,4,"Low"
24,12,1,2,1,4,"Low"
46,36,1,1,2,3,"Low"
305,32,1,1,1,2,"Medium"
65,7,722,2,2,6,"Medium"
404,1,3,1,30,1,"High"
22,62,119,1,1,4,"Low"
93,2,1,3,30,6,"Medium"
404,30,1,1,2,3,"High"
17,37,4,1,3,3,"Low"
412,21,1,1,2,2,"High"
79,8,1,2,3,3,"Medium"
428,48,1,1,2,3,"High"
117,1,140,1,30,2,"Medium"
82,61,20,2,2,5,"Medium"
16,5,23,1,2,2,"Low"
433,2,3,1,30,2,"High"
285,2,1,3,30,6,"Medium"
234,2,7013,2,1,4,"Medium"
77,29,7013,1,2,2,"Medium"
77,5,7013,1,2,2,"Medium"
105,2,7013,1,2,2,"Medium"
45,8,3,2,2,5,"Low"
170,29,1,2,2,4,"Medium"
22,28,1,1,3,2,"Low"
415,18,2,1,2,3,"High"
33,3,3,4,30,5,"Low"
413,26,1,1,2,4,"High"
333,19,8,1,2,2,"Medium"
420,23,2,1,2,2,"High"
387,5,3,1,30,2,"High"
73,8,3,2,2,5,"Medium"
412,19,1,1,1,3,"High"
111,50,2,1,2,4,"Medium"
13,23,1,2,1,4,"Low"
250,22,1,3,3,8,"Medium"
45,35,2,1,2,2,"Low"
211,23,6,3,2,6,"Medium"
24,3,1,1,30,4,"Low"
287,1,2,1,30,2,"Medium"
412,32,1,1,2,4,"High"
51,38,2,3,1,5,"Low"
305,3,1,1,31,2,"Medium"
14,27,1,1,2,2,"Low"
50,25,1,1,2,4,"Low"
93,28,1,2,2,4,"Medium"
58,4,2,2,3,4,"Low"
403,1,2,1,58,1,"High"
18,36,1,1,2,3,"Low"
425,53,4,1,1,4,"High"
172,12,1,2,3,5,"Medium"
26,37,3,2,2,5,"Low"
413,32,1,1,1,2,"High"
71,40,3,2,1,6,"Medium"
108,67,2,3,1,6,"Medium"
217,8,7,3,2,8,"Medium"
42,3,11,2,2,2,"Low"
171,33,3,2,2,5,"Medium"
23,28,1,2,1,4,"Low"
181,26,2,3,30,8,"Medium"
81,1,220,1,1,2,"Medium"
48,11,1459,2,2,6,"Low"
406,8,8,1,7,2,"High"
63,10,1,2,2,5,"Low"
63,1,3,3,30,6,"Low"
21,12,3,1,2,2,"Low"
149,17,20,4,1,9,"Medium"
30,36,1,1,1,4,"Low"
80,54,2,2,2,4,"Medium"
42,13,3,1,30,2,"Low"
44,18,1,2,2,4,"Low"
43,1,4,2,7,4,"Low"
110,15,108,2,1,5,"Medium"
18,10,10,2,2,6,"Low"
395,1,5,1,5,2,"High"
387,42,3,2,2,4,"High"
396,1,7013,3,1,12,"High"
139,1,7013,1,1,2,"Medium"
165,2,7013,1,1,4,"Medium"
429,31,117,2,2,5,"High"
140,3,11,3,30,7,"Medium"
414,61,1,1,2,2,"High"
35,3,1,2,2,4,"Low"
43,24,2,1,4,2,"Low"
28,1,2,2,30,4,"Low"
428,19,1,2,2,3,"High"
291,2,95,1,1,3,"Medium"
281,2,95,1,14,3,"Medium"
260,2,95,1,1,3,"Medium"
13,1,2,2,30,4,"Low"
53,4,2,2,2,5,"Low"
88,38,1,2,2,5,"Medium"
385,4,1,1,31,3,"High"
23,27,1,1,2,2,"Low"
33,12,1,1,2,2,"Low"
428,51,1,1,1,3,"High"
22,1,3,2,30,4,"Low"
58,2,1,3,30,6,"Low"
366,31,1,1,1,2,"High"
404,17,1,1,2,3,"High"
23,57,8,1,1,2,"Low"
58,1,49,3,31,5,"Low"
88,12,1,2,1,4,"Medium"
110,23,1,2,2,5,"Medium"
75,15,1,2,2,6,"Medium"
38,25,2,1,2,2,"Low"
425,29,1,2,2,4,"High"
43,32,4,1,2,4,"Low"
23,1,49,1,31,2,"Low"
28,1,49,1,31,2,"Low"
406,7,8,2,3,6,"High"
62,47,3,2,2,5,"Low"
41,3,4,1,1,2,"Low"
58,15,220,1,3,2,"Low"
195,43,3,3,2,7,"Medium"
366,74,1,1,1,2,"High"
13,6,6,1,2,2,"Low"
55,11,1,2,2,6,"Low"
415,2,2,1,30,3,"High"
383,41,1,1,1,2,"High"
384,75,2,1,1,2,"High"
122,31,3,2,2,4,"Medium"
412,2,2,1,30,2,"High"
93,2,2,3,30,7,"Medium"
33,3,4,3,30,6,"Low"
425,3,11,1,30,2,"High"
63,27,2,2,3,4,"Low"
423,35,2,2,1,5,"High"
35,5,1,2,7,4,"Low"
420,1,3,2,30,4,"High"
428,1,3,3,30,4,"High"
333,19,2,1,3,2,"Medium"
104,21,7,2,1,5,"Medium"
420,3,1,2,30,4,"High"
63,23,1,2,3,4,"Low"
325,6,220,6,3,14,"Medium"
135,3,140,2,30,3,"Medium"
391,26,22,1,2,2,"High"
297,2,1,1,30,2,"Medium"
67,50,3,2,2,4,"Medium"
132,21,12,1,2,5,"Medium"
32,71,4,2,1,5,"Low"
431,18,6,1,2,4,"High"
59,31,49,2,1,4,"Low"
415,28,1,1,2,4,"High"
295,21,2,5,2,10,"Medium"
394,55,1,1,1,2,"High"
402,9,2,1,2,4,"High"
170,51,16,3,1,6,"Medium"
404,5,1,1,2,2,"High"
58,14,1,1,2,3,"Low"
59,20,1,1,2,2,"Low"
73,16,3,2,3,4,"Medium"
58,4,49,2,1,4,"Low"
140,1,49,3,31,5,"Medium"
248,4,5,2,3,4,"Medium"
204,6,5,2,3,4,"Medium"
116,40,1,2,1,6,"Medium"
48,22,1,1,3,2,"Low"
18,24,20,1,1,2,"Low"
301,29,4,4,2,7,"Medium"
154,7,12,1,2,4,"Medium"
34,11,2,1,2,4,"Low"
420,2,2,2,30,3,"High"
404,28,1,1,1,2,"High"
76,23,1,2,30,4,"Medium"
313,8,6,5,2,10,"Medium"
31,22,1,1,2,2,"Low"
52,11,2,1,30,2,"Low"
312,74,2,1,1,2,"Medium"
26,1,14,2,31,4,"Low"
73,25,2,1,1,3,"Medium"
384,3,4,1,30,2,"High"
433,2,117,4,30,10,"High"
40,15,1,2,2,4,"Low"
67,38,2,2,2,5,"Medium"
116,2,2,2,2,4,"Medium"
433,1,1,1,30,2,"High"
79,3,1,3,2,8,"Medium"
404,34,1,1,2,4,"High"
357,68,2,1,1,2,"High"
92,41,2,3,1,8,"Medium"
33,1,4,1,30,2,"Low"
422,17,1,1,2,3,"High"
34,1,1,1,3,2,"Low"
403,32,1,1,1,4,"High"
28,1,2,2,30,4,"Low"
43,1,2,2,30,4,"Low"
37,31,3,2,1,4,"Low"
17,61,1,1,1,2,"Low"
410,8,1,1,2,4,"High"
57,31,10,2,1,5,"Low"
272,5,8,1,31,1,"Medium"
408,24,119,2,1,5,"High"
288,12,1,4,4,8,"Medium"
43,1,2,2,30,4,"Low"
37,37,1,1,2,2,"Low"
21,26,1,1,2,2,"Low"
347,2,5,5,2,10,"High"
265,24,1,4,2,12,"Medium"
50,48,2,2,2,5,"Low"
172,23,2,3,2,6,"Medium"
83,44,1,3,2,6,"Medium"
35,1,2,2,2,6,"Low"
100,6,4,3,2,6,"Medium"
421,20,2,1,3,4,"High"
38,2,3,2,30,5,"Low"
250,5,2,2,5,6,"Medium"
19,28,2,1,3,2,"Low"
421,22,2,1,1,2,"High"
412,5,1,1,1,2,"High"
53,1,1,2,3,4,"Low"
13,20,1,1,2,3,"Low"
210,1,5,1,31,1,"Medium"
88,5,1,1,7,2,"Medium"
251,24,4,5,3,10,"Medium"
184,1,5,1,31,1,"Medium"
431,28,1,1,2,2,"High"
88,30,95,1,1,2,"Medium"
71,58,4,2,1,4,"Medium"
140,6,1,2,2,4,"Medium"
27,25,1,1,2,4,"Low"
391,43,1,1,2,4,"High"
64,27,3,1,2,3,"Medium"
179,2,4,3,30,6,"Medium"
15,17,2,2,2,4,"Low"
403,4,3,1,30,4,"High"
41,56,9,1,1,2,"Low"
36,64,9,1,1,2,"Low"
55,58,9,1,1,2,"Low"
406,38,2,1,1,2,"High"
153,36,9,3,1,5,"Medium"
236,43,9,3,1,8,"Medium"
413,32,119,1,1,4,"High"
23,2,49,1,31,2,"Low"
391,2,9,1,30,1,"High"
224,40,9,3,1,8,"Medium"
221,48,9,3,1,8,"Medium"
27,44,3,2,1,6,"Low"
385,75,5,1,1,3,"High"
112,5,140,1,30,2,"Medium"
33,21,3,2,1,4,"Low"
246,18,3,4,1,10,"Medium"
14,9,8,1,3,2,"Low"
292,37,1,1,1,1,"Medium"
71,3,1,1,2,5,"Medium"
425,1,2,2,30,4,"High"
387,2,2,2,31,6,"High"
33,20,2,3,2,8,"Low"
24,11,1,1,4,4,"Low"
185,39,9,3,1,6,"Medium"
73,5,3,1,2,2,"Medium"
127,13,3,2,2,6,"Medium"
429,14,1,1,2,2,"High"
113,9,8,2,28,4,"Medium"
68,12,1,2,4,4,"Medium"
415,28,1,2,1,6,"High"
87,28,4,3,2,9,"Medium"
433,9,2,1,2,2,"High"
102,11,3,3,2,4,"Medium"
86,14,2,2,3,4,"Medium"
26,3,2,1,30,2,"Low"
33,16,1,1,1,4,"Low"
58,20,49,2,1,5,"Low"
423,10,2,1,2,2,"High"
56,53,2,2,1,4,"Low"
13,3,9,2,30,3,"Low"
63,1,2,2,2,3,"Low"
250,16,2,5,3,12,"Medium"
35,27,1,1,2,2,"Low"
68,23,3,2,25,5,"Medium"
109,7,23,2,2,3,"Medium"
56,15,10,2,1,5,"Low"
48,5,3,2,2,4,"Low"
402,20,3,1,2,2,"High"
92,13,2,2,2,5,"Medium"
430,26,1,1,2,2,"High"
32,7,2,1,3,2,"Low"
28,39,1,1,1,4,"Low"
428,3,2,1,1,4,"High"
412,9,23,1,1,2,"High"
19,15,3,1,2,4,"Low"
293,7,6,4,2,13,"Medium"
420,7,1,2,2,5,"High"
166,5,3,2,5,4,"Medium"
420,29,1,2,1,4,"High"
58,7,303,3,2,5,"Low"
430,10,2,1,2,3,"High"
62,2,2,3,30,6,"Low"
422,28,5,1,3,4,"High"
416,11,9,6,1,16,"High"
211,16,1,4,2,8,"Medium"
382,7,9,6,1,13,"High"
231,1,4,3,30,6,"Medium"
401,10,1,1,2,1,"High"
387,7,1,1,2,2,"High"
26,27,1,1,2,3,"Low"
38,1,4,1,1,2,"Low"
41,14,3,2,3,4,"Low"
43,15,1,2,1,4,"Low"
112,5,1,2,30,4,"Medium"
132,12,3,2,3,6,"Medium"
417,12,1,1,1,4,"High"
78,1,3,2,3,4,"Medium"
15,99,1,2,1,5,"Low"
59,19,2,1,2,2,"Low"
420,13,1,1,2,4,"High"
385,7,2,1,2,2,"High"
398,14,2,1,2,2,"High"
88,1,2,2,2,5,"Medium"
69,2,1,2,3,4,"Medium"
28,28,2,1,3,4,"Low"
102,19,4,3,2,9,"Medium"
353,4,3,1,1,2,"High"
70,9,1,1,2,2,"Medium"
28,15,8,1,1,2,"Low"
402,2,5,1,1,1,"High"
408,19,1,1,2,4,"High"
46,26,4,1,1,4,"Low"
159,16,2,2,2,4,"Medium"
422,16,2,1,1,4,"High"
38,18,2,1,2,4,"Low"
413,10,2,1,2,2,"High"
428,2,5,1,1,2,"High"
282,21,1,4,2,7,"Medium"
78,40,5,1,1,3,"Medium"
55,28,10,1,2,3,"Low"
63,3,1,2,5,6,"Low"
18,2,2,3,30,4,"Low"
139,11,1,2,2,6,"Medium"
173,7,722,3,2,7,"Medium"
47,8,2,2,3,4,"Low"
122,5,1,2,2,4,"Medium"
46,4,3,2,3,5,"Low"
77,18,6,2,2,4,"Medium"
95,19,220,2,2,5,"Medium"
32,1,3,2,30,4,"Low"
349,4,16,6,1,12,"High"
38,31,1,1,2,5,"Low"
60,12,7,2,2,4,"Low"
433,25,4,2,3,4,"High"
13,5,1,2,2,4,"Low"
341,11,4,6,3,16,"High"
395,9,1,1,2,4,"High"
32,10,1,2,2,4,"Low"
116,12,2,2,2,4,"Medium"
425,7,4,1,1,4,"High"
428,2,5,1,1,1,"High"
29,21,1,2,1,5,"Low"
18,8,14,1,21,2,"Low"
128,26,2,3,2,8,"Medium"
265,2,3,4,2,9,"Medium"
63,39,9,2,1,4,"Low"
48,29,1,2,1,5,"Low"
322,1,16,6,1,12,"Medium"
397,1,16,8,1,16,"High"
52,12,9,1,1,3,"Low"
404,26,9,1,1,4,"High"
377,3,3,1,2,2,"High"
149,8,3,2,3,4,"Medium"
41,48,9,1,1,2,"Low"
39,20,4,1,2,4,"Low"
420,17,1,1,1,3,"High"
59,21,3,1,28,3,"Low"
29,9,1,1,2,4,"Low"
420,19,1,1,2,4,"High"
433,3,2,1,30,2,"High"
38,11,2,1,3,2,"Low"
136,10,220,2,2,5,"Medium"
117,4,722,2,2,4,"Medium"
300,13,7,4,2,8,"Medium"
422,4,1,2,1,4,"High"
423,3,10,1,30,2,"High"
83,12,11,2,2,5,"Medium"
38,1,1459,2,30,4,"Low"
409,2,2,2,30,4,"High"
40,9,1,1,1,3,"Low"
292,2,8,1,30,1,"Medium"
422,22,6,1,1,3,"High"
104,1,2,3,30,6,"Medium"
406,9,1,1,3,3,"High"
88,23,7,2,1,5,"Medium"
58,9,3,2,2,4,"Low"
329,1,3,1,1,2,"Medium"
420,34,7,1,1,2,"High"
429,27,7,1,1,2,"High"
392,7,3,1,1,2,"High"
413,29,2,1,2,2,"High"
384,3,16,1,30,2,"High"
13,2,3,1,30,3,"Low"
425,28,1,1,1,4,"High"
121,16,4,2,2,4,"Medium"
189,12,3,4,2,13,"Medium"
34,2,1,1,1,4,"Low"
24,6,14,1,7,2,"Low"
175,32,3,2,2,7,"Medium"
404,1,14,1,31,2,"High"
16,31,4,1,1,2,"Low"
413,7,3,1,3,4,"High"
15,17,1,1,1,2,"Low"
312,1,1,1,30,1,"Medium"
37,32,1,1,1,4,"Low"
19,10,1,2,2,4,"Low"
289,2,220,3,30,6,"Medium"
417,7,1,1,2,3,"High"
433,3,3,2,5,7,"High"
401,14,2,1,2,2,"High"
87,11,49,2,1,4,"Medium"
251,21,4,5,2,10,"Medium"
287,1,7,1,30,1,"Medium"
373,3,7,1,30,2,"High"
42,8,1,2,1,5,"Low"
317,21,11,1,1,2,"Medium"
353,22,11,1,1,2,"High"
14,8,8,1,4,3,"Low"
48,3,13,2,30,4,"Low"
13,8,1,2,1,5,"Low"
390,3,1,2,30,4,"High"
152,8,220,3,3,5,"Medium"
155,9,220,2,3,5,"Medium"
33,3,14,1,21,2,"Low"
228,4,1,5,3,10,"Medium"
52,10,1459,2,2,4,"Low"
28,1,1,1,30,2,"Low"
39,21,5,2,1,4,"Low"
329,17,2,1,1,2,"Medium"
433,16,8,1,2,2,"High"
431,7,2,1,3,4,"High"
381,13,2,1,1,2,"High"
18,2,1,1,1,2,"Low"
429,12,1,1,1,4,"High"
109,15,9,3,1,6,"Medium"
370,3,9,6,1,12,"High"
18,1,15,1,30,4,"Low"
44,14,3,1,28,2,"Low"
135,1,1,2,2,5,"Medium"
410,1,1,1,30,2,"High"
88,3,4,2,2,5,"Medium"
24,16,1,1,1,2,"Low"
403,16,1,1,1,3,"High"
421,32,7,1,1,4,"High"
64,3,49,2,1,5,"Medium"
390,7,2,1,2,2,"High"
428,2,7,2,31,4,"High"
312,2,7,1,30,1,"Medium"
366,36,7,1,1,2,"High"
55,17,1,2,1,4,"Low"
93,4,3,1,1,2,"Medium"
40,23,7,1,1,4,"Low"
428,18,2,1,1,3,"High"
178,4,2,1,2,2,"Medium"
44,8,220,1,3,2,"Low"
57,12,1,1,1,4,"Low"
199,1,8,5,30,9,"Medium"
33,14,1,1,3,4,"Low"
71,6,1,1,3,4,"Medium"
63,2,722,1,2,2,"Low"
33,11,1,1,2,2,"Low"
116,1,1,2,2,4,"Medium"
20,14,1,1,1,4,"Low"
35,23,1,1,1,2,"Low"
95,2,1,1,1,2,"Medium"
16,8,2,1,2,3,"Low"
421,15,1,1,2,2,"High"
141,14,1,3,3,8,"Medium"
38,7,1,1,2,2,"Low"
216,21,2,4,1,13,"Medium"
63,2,722,1,2,2,"Low"
45,8,6,2,2,5,"Low"
385,14,1,1,1,2,"High"
77,19,1,2,1,4,"Medium"
366,16,3,1,1,2,"High"
165,12,18,2,2,4,"Medium"
208,5,2,2,1,5,"Medium"
226,13,4,2,2,8,"Medium"
92,5,4,2,2,5,"Medium"
356,6,4,4,2,12,"High"
42,6,9,1,1,2,"Low"
76,2,140,1,30,2,"Medium"
9,1,1,8,1,16,"Low"
154,1,4,2,30,4,"Medium"
71,16,3,1,2,2,"Medium"
48,14,3,1,1,2,"Low"
317,31,1,1,1,2,"Medium"
70,1,6,1,30,2,"Medium"
415,16,3,1,1,2,"High"
31,1,1896,1,30,2,"Low"
55,5,4,1,2,4,"Low"
55,1,1896,2,30,4,"Low"
18,11,2,1,4,4,"Low"
366,3,1,1,2,2,"High"
43,2,1,1,1,2,"Low"
430,8,1,1,1,2,"High"
401,2,1,1,2,3,"High"
433,20,6,1,1,2,"High"
28,1,3,2,30,4,"Low"
133,8,2,2,2,4,"Medium"
98,2,1,2,2,4,"Medium"
88,1,6,2,14,5,"Medium"
53,22,119,2,1,4,"Low"
61,2,2,1,2,2,"Low"
30,10,1,3,1,10,"Low"
51,14,49,2,1,5,"Low"
17,1,3,1,30,2,"Low"
120,5,1,4,2,6,"Medium"
32,8,13,1,1,2,"Low"
18,16,1,1,1,4,"Low"
417,3,2,1,28,2,"High"
421,6,2,1,1,4,"High"
395,10,2,1,1,3,"High"
420,5,4,1,30,2,"High"
431,11,1,1,1,4,"High"
77,2,1141,1,1,2,"Medium"
105,1,1141,1,1,2,"Medium"
59,2,2,2,30,6,"Low"
30,6,1,1,1,4,"Low"
425,7,1,1,1,4,"High"
413,6,2,1,2,4,"High"
68,6,4,2,3,5,"Medium"
24,17,23,1,1,4,"Low"
78,7,5,1,1,4,"Medium"
237,13,4,4,1,10,"Medium"
24,7,2,2,1,6,"Low"
361,21,2,1,1,2,"High"
107,5,3,2,2,4,"Medium"
172,5,12,2,2,6,"Medium"
21,3,1,1,1,2,"Low"
13,1,11,1,30,3,"Low"
28,3,1,2,2,5,"Low"
412,9,3,1,2,2,"High"
433,8,4,1,1,3,"High"
409,2,2,1,1,3,"High"
18,1,1,1,28,3,"Low"
394,9,1,1,1,2,"High"
116,1,6,1,2,2,"Medium"
305,2,1,1,3,2,"Medium"
341,5,1,2,4,5,"High"
48,2,1,2,4,4,"Low"
312,4,3,1,1,2,"Medium"
409,1,2,2,30,4,"High"
414,1,1896,1,30,2,"High"
313,7,1,5,3,11,"Medium"
422,12,1,1,1,5,"High"
52,10,1,2,2,5,"Low"
392,1,8,1,4,2,"High"
26,11,2,1,1,2,"Low"
63,6,1459,2,3,6,"Low"
417,8,1,1,5,3,"High"
311,3,6,4,2,8,"Medium"
297,1,1,1,30,1,"Medium"
63,14,1,2,1,7,"Low"
49,11,1,1,1,2,"Low"
13,6,5,1,2,2,"Low"
417,2,1,1,2,2,"High"
44,7,1,1,1,4,"Low"
43,10,3,2,2,4,"Low"
18,6,1,1,1,4,"Low"
116,4,1,2,1,4,"Medium"
22,1,1,1,1,4,"Low"
38,8,1,2,1,5,"Low"
37,19,1,2,1,4,"Low"
357,27,4,1,1,2,"High"
338,2,4,1,7,1,"High"
126,1,3,1,1,2,"Medium"
47,5,5,1,3,2,"Low"
41,8,1,1,1,4,"Low"
433,18,5,1,1,2,"High"
54,7,1,2,2,5,"Low"
182,8,2,2,1,10,"Medium"
28,3,2,1,90,4,"Low"
46,3,722,2,2,5,"Low"
333,9,3,1,1,2,"Medium"
131,8,49,2,2,4,"Medium"
317,5,3,1,1,2,"Medium"
406,6,1,1,2,3,"High"
72,9,2,2,2,5,"Medium"
401,4,11,1,2,4,"High"
204,2,2,4,4,6,"Medium"
22,12,1,1,1,2,"Low"
38,3,1,2,1,4,"Low"
383,1,1,1,1,2,"High"
48,2,1,1,3,2,"Low"
35,4,1,2,3,6,"Low"
29,6,6,1,3,3,"Low"
38,2,1,2,2,4,"Low"
361,6,20,1,1,2,"High"
65,8,1,2,2,4,"Medium"
392,3,3,2,2,2,"High"
54,7,9,2,2,4,"Low"
21,8,1,1,2,3,"Low"
31,3,3,1,1,5,"Low"
102,3,1,2,1,5,"Medium"
13,4,1,2,2,5,"Low"
421,2,1,1,1,4,"High"
38,4,3,2,2,4,"Low"
85,7,7,3,1,6,"Medium"
433,1,2,1,7,2,"High"
429,9,1,1,1,3,"High"
351,6,3,1,3,1,"High"
364,12,3,1,1,2,"High"
366,13,1,1,1,2,"High"
81,3,11,1,1,2,"Medium"
387,5,8,1,1,2,"High"
387,2,1,1,2,1,"High"
402,1,6,1,1,2,"High"
36,2,722,1,1,4,"Low"
93,7,11,2,2,4,"Medium"
49,11,2,1,1,4,"Low"
126,3,3,5,1,10,"Medium"
429,9,1,1,1,4,"High"
423,3,1,1,1,2,"High"
353,4,3,1,1,2,"High"
75,6,11,2,1,5,"Medium"
91,7,95,1,1,3,"Medium"
366,4,2,1,2,2,"High"
69,10,1,2,1,4,"Medium"
171,1,722,3,2,6,"Medium"
33,5,3,2,1,4,"Low"
149,3,722,2,2,6,"Medium"
378,1,1,1,1,3,"High"
431,11,3,1,1,2,"High"
83,3,220,2,2,4,"Medium"
28,4,1,1,2,4,"Low"
282,2,2,5,1,10,"Medium"
208,7,1,4,2,10,"Medium"
13,3,1,1,2,3,"Low"
120,2,5,3,2,6,"Medium"
58,4,4,3,2,9,"Low"
83,2,1,3,3,6,"Medium"
53,6,2,2,2,5,"Low"
333,2,1,1,1,1,"Medium"
14,2,1,2,1,5,"Low"
415,6,3,2,1,4,"High"
30,2,2,2,1,5,"Low"
41,3,8,1,1,2,"Low"
24,3,1,2,30,5,"Low"
110,1,12,1,2,3,"Medium"
122,5,3,2,1,6,"Medium"
333,1,3,1,1,1,"Medium"
39,5,3,1,1,2,"Low"
421,6,1,1,2,2,"High"
127,6,3,3,1,8,"Medium"
58,1,4,2,2,5,"Low"
58,2,2,2,1,4,"Low"
385,1,1,1,2,2,"High"
163,3,3,3,2,6,"Medium"
32,4,11,1,1,4,"Low"
93,4,1,2,1,4,"Medium"
132,2,1,3,1,8,"Medium"
13,3,1,1,1,3,"Low"
149,2,95,1,1,3,"Medium"
333,1,3,1,1,1,"Medium"
333,2,3,1,1,1,"Medium"
38,1,4,1,4,3,"Low"
404,1,1,2,1,4,"High"
28,1,2,1,3,5,"Low"
112,1,95,1,1,3,"Medium"
